UniParc_ID,UniProtKB_Swiss_Prot_ID,UniProtKB_Isoform_ID,UniProtKB_TrEMBL_ID,Exon,db_type,species,object_type,assembly_name,Transcript_Stable_ID,seq_region_name,Transcript_Source,Transcript_Version,Transcript_Name,biotype,strand,start,Ensembl_Canonical,Parent,logic_name,end,Protein_Stable_ID,Translation.end,Translation.Parent,Translation.start,Translation.id,Translation.length,Translation.object_type,Translation.species,Translation.db_type,Translation.version,Gene_Name,Gene_Stable_ID,Gene_Description,Gene_source,Gene_Version
UPI0000375189,O43474,O43474-1,,"[{'id': 'ENSE00001862452', 'assembly_name': 'GRCh38', 'start': 107489168, 'seq_region_name': '9', 'end': 107489769, 'version': 2, 'db_type': 'core', 'species': 'homo_sapiens', 'object_type': 'Exon', 'strand': -1}, {'version': 1, 'db_type': 'core', 'species': 'homo_sapiens', 'object_type': 'Exon', 'strand': -1, 'assembly_name': 'GRCh38', 'id': 'ENSE00003482715', 'start': 107488930, 'end': 107489050, 'seq_region_name': '9'}, {'strand': -1, 'object_type': 'Exon', 'species': 'homo_sapiens', 'db_type': 'core', 'version': 2, 'end': 107488267, 'seq_region_name': '9', 'start': 107487295, 'id': 'ENSE00000983308', 'assembly_name': 'GRCh38'}, {'seq_region_name': '9', 'end': 107487192, 'assembly_name': 'GRCh38', 'id': 'ENSE00003518983', 'start': 107487028, 'species': 'homo_sapiens', 'object_type': 'Exon', 'strand': -1, 'version': 1, 'db_type': 'core'}, {'object_type': 'Exon', 'species': 'homo_sapiens', 'strand': -1, 'version': 1, 'db_type': 'core', 'seq_region_name': '9', 'end': 107485926, 'id': 'ENSE00003510531', 'assembly_name': 'GRCh38', 'start': 107484852}]",core,homo_sapiens,Transcript,GRCh38,ENST00000374672,9,ensembl_havana,5,KLF4-201,protein_coding,-1,107484852,1,ENSG00000136826,ensembl_havana_transcript_homo_sapiens,107489769,ENSP00000363804,107489172.0,ENST00000374672,107485751.0,ENSP00000363804,479.0,Translation,homo_sapiens,core,4.0,KLF4,ENSG00000136826,Kruppel like factor 4 [Source:HGNC Symbol;Acc:HGNC:6348],ensembl_havana,15
UPI0001915531,,,B7ZBT2,"[{'end': 107490482, 'seq_region_name': '9', 'start': 107490119, 'assembly_name': 'GRCh38', 'id': 'ENSE00001805162', 'strand': -1, 'object_type': 'Exon', 'species': 'homo_sapiens', 'db_type': 'core', 'version': 1}, {'start': 107489168, 'assembly_name': 'GRCh38', 'id': 'ENSE00001623985', 'end': 107489563, 'seq_region_name': '9', 'db_type': 'core', 'version': 1, 'strand': -1, 'object_type': 'Exon', 'species': 'homo_sapiens'}, {'object_type': 'Exon', 'species': 'homo_sapiens', 'strand': -1, 'version': 1, 'db_type': 'core', 'end': 107489050, 'seq_region_name': '9', 'assembly_name': 'GRCh38', 'id': 'ENSE00001651297', 'start': 107488989}]",core,homo_sapiens,Transcript,GRCh38,ENST00000420475,9,havana,1,KLF4-203,protein_coding,-1,107488989,0,ENSG00000136826,havana_homo_sapiens,107490482,ENSP00000404922,107489172.0,ENST00000420475,107488989.0,ENSP00000404922,22.0,Translation,homo_sapiens,core,1.0,KLF4,ENSG00000136826,Kruppel like factor 4 [Source:HGNC Symbol;Acc:HGNC:6348],ensembl_havana,15
UPI0004E4C996,,,A0A087X0S4,"[{'version': 1, 'db_type': 'core', 'species': 'homo_sapiens', 'object_type': 'Exon', 'strand': -1, 'id': 'ENSE00003711623', 'assembly_name': 'GRCh38', 'start': 107489168, 'end': 107489766, 'seq_region_name': '9'}, {'end': 107489050, 'seq_region_name': '9', 'assembly_name': 'GRCh38', 'id': 'ENSE00003717526', 'start': 107488930, 'object_type': 'Exon', 'species': 'homo_sapiens', 'strand': -1, 'version': 1, 'db_type': 'core'}, {'end': 107487190, 'seq_region_name': '9', 'id': 'ENSE00003733000', 'assembly_name': 'GRCh38', 'start': 107487028, 'object_type': 'Exon', 'species': 'homo_sapiens', 'strand': -1, 'version': 1, 'db_type': 'core'}, {'db_type': 'core', 'version': 1, 'strand': -1, 'species': 'homo_sapiens', 'object_type': 'Exon', 'start': 107484854, 'assembly_name': 'GRCh38', 'id': 'ENSE00003720050', 'seq_region_name': '9', 'end': 107485926}]",core,homo_sapiens,Transcript,GRCh38,ENST00000610832,9,ensembl,1,KLF4-206,protein_coding,-1,107484854,0,ENSG00000136826,ensembl_homo_sapiens,107489766,ENSP00000483629,107489028.0,ENST00000610832,107485751.0,ENSP00000483629,145.0,Translation,homo_sapiens,core,1.0,KLF4,ENSG00000136826,Kruppel like factor 4 [Source:HGNC Symbol;Acc:HGNC:6348],ensembl_havana,15
UPI000011F868,,,A0A0B4J1R1,"[{'db_type': 'core', 'version': 1, 'strand': 1, 'species': 'homo_sapiens', 'object_type': 'Exon', 'start': 127735434, 'id': 'ENSE00001848036', 'assembly_name': 'GRCh38', 'end': 127736623, 'seq_region_name': '8'}, {'species': 'homo_sapiens', 'object_type': 'Exon', 'strand': 1, 'version': 1, 'db_type': 'core', 'seq_region_name': '8', 'end': 127739019, 'assembly_name': 'GRCh38', 'id': 'ENSE00003540079', 'start': 127738248}, {'strand': 1, 'species': 'homo_sapiens', 'object_type': 'Exon', 'db_type': 'core', 'version': 2, 'end': 127740477, 'seq_region_name': '8', 'start': 127740398, 'id': 'ENSE00001766895', 'assembly_name': 'GRCh38'}]",core,homo_sapiens,Transcript,GRCh38,ENST00000259523,8,havana,10,MYC-201,protein_coding,1,127735434,0,ENSG00000136997,havana_homo_sapiens,127740477,ENSP00000259523,127740414.0,ENST00000259523,127738263.0,ENSP00000259523,257.0,Translation,homo_sapiens,core,6.0,MYC,ENSG00000136997,"MYC proto-oncogene, bHLH transcription factor [Source:HGNC Symbol;Acc:HGNC:7553]",ensembl_havana,21
UPI0000073F37,,,Q14899,"[{'object_type': 'Exon', 'species': 'homo_sapiens', 'strand': 1, 'version': 1, 'db_type': 'core', 'end': 127735817, 'seq_region_name': '8', 'assembly_name': 'GRCh38', 'id': 'ENSE00003811676', 'start': 127735473}]",core,homo_sapiens,Transcript,GRCh38,ENST00000641252,8,havana,1,MYC-208,protein_coding,1,127735473,0,ENSG00000136997,havana_homo_sapiens,127735817,ENSP00000493139,127735817.0,ENST00000641252,127735473.0,ENSP00000493139,114.0,Translation,homo_sapiens,core,1.0,MYC,ENSG00000136997,"MYC proto-oncogene, bHLH transcription factor [Source:HGNC Symbol;Acc:HGNC:7553]",ensembl_havana,21
UPI0018BDD158,,,H0YBG3,"[{'version': 1, 'db_type': 'core', 'species': 'homo_sapiens', 'object_type': 'Exon', 'strand': 1, 'assembly_name': 'GRCh38', 'id': 'ENSE00002130483', 'start': 127735519, 'end': 127735836, 'seq_region_name': '8'}, {'strand': 1, 'object_type': 'Exon', 'species': 'homo_sapiens', 'db_type': 'core', 'version': 1, 'seq_region_name': '8', 'end': 127736623, 'start': 127736441, 'assembly_name': 'GRCh38', 'id': 'ENSE00002122074'}, {'strand': 1, 'species': 'homo_sapiens', 'object_type': 'Exon', 'db_type': 'core', 'version': 1, 'seq_region_name': '8', 'end': 127738772, 'start': 127738251, 'id': 'ENSE00002100709', 'assembly_name': 'GRCh38'}]",core,homo_sapiens,Transcript,GRCh38,ENST00000517291,8,havana,2,MYC-203,protein_coding,1,127735519,0,ENSG00000136997,havana_homo_sapiens,127738772,ENSP00000429441,127738772.0,ENST00000517291,127736594.0,ENSP00000429441,184.0,Translation,homo_sapiens,core,2.0,MYC,ENSG00000136997,"MYC proto-oncogene, bHLH transcription factor [Source:HGNC Symbol;Acc:HGNC:7553]",ensembl_havana,21
UPI00108B0882,,,A0A494C1T8,"[{'assembly_name': 'GRCh38', 'id': 'ENSE00003846926', 'start': 127735659, 'seq_region_name': '8', 'end': 127735836, 'version': 1, 'db_type': 'core', 'object_type': 'Exon', 'species': 'homo_sapiens', 'strand': 1}, {'db_type': 'core', 'version': 1, 'strand': 1, 'object_type': 'Exon', 'species': 'homo_sapiens', 'start': 127738280, 'assembly_name': 'GRCh38', 'id': 'ENSE00003843097', 'end': 127739019, 'seq_region_name': '8'}, {'strand': 1, 'species': 'homo_sapiens', 'object_type': 'Exon', 'db_type': 'core', 'version': 4, 'seq_region_name': '8', 'end': 127741434, 'start': 127740396, 'id': 'ENSE00000926396', 'assembly_name': 'GRCh38'}]",core,homo_sapiens,Transcript,GRCh38,ENST00000651626,8,havana,1,MYC-209,protein_coding,1,127735659,0,ENSG00000136997,havana_homo_sapiens,127741434,ENSP00000499182,127740958.0,ENST00000651626,127738563.0,ENSP00000499182,339.0,Translation,homo_sapiens,core,1.0,MYC,ENSG00000136997,"MYC proto-oncogene, bHLH transcription factor [Source:HGNC Symbol;Acc:HGNC:7553]",ensembl_havana,21
UPI000006D15D,,,Q16591,"[{'version': 1, 'db_type': 'core', 'species': 'homo_sapiens', 'object_type': 'Exon', 'strand': 1, 'id': 'ENSE00003814064', 'assembly_name': 'GRCh38', 'start': 127736046, 'end': 127736612, 'seq_region_name': '8'}]",core,homo_sapiens,Transcript,GRCh38,ENST00000641036,8,havana,1,MYC-207,protein_coding,1,127736046,0,ENSG00000136997,havana_homo_sapiens,127736612,ENSP00000493145,127736612.0,ENST00000641036,127736046.0,ENSP00000493145,188.0,Translation,homo_sapiens,core,1.0,MYC,ENSG00000136997,"MYC proto-oncogene, bHLH transcription factor [Source:HGNC Symbol;Acc:HGNC:7553]",ensembl_havana,21
UPI0000000C1A,P01106,P01106-1,A0A024R9L7,"[{'strand': 1, 'object_type': 'Exon', 'species': 'homo_sapiens', 'db_type': 'core', 'version': 1, 'end': 127736623, 'seq_region_name': '8', 'start': 127736084, 'assembly_name': 'GRCh38', 'id': 'ENSE00001852283'}, {'seq_region_name': '8', 'end': 127739019, 'id': 'ENSE00003540079', 'assembly_name': 'GRCh38', 'start': 127738248, 'object_type': 'Exon', 'species': 'homo_sapiens', 'strand': 1, 'version': 1, 'db_type': 'core'}, {'strand': 1, 'object_type': 'Exon', 'species': 'homo_sapiens', 'db_type': 'core', 'version': 4, 'end': 127741434, 'seq_region_name': '8', 'start': 127740396, 'id': 'ENSE00000926396', 'assembly_name': 'GRCh38'}]",core,homo_sapiens,Transcript,GRCh38,ENST00000377970,8,ensembl_havana,6,MYC-202,protein_coding,1,127736084,0,ENSG00000136997,ensembl_havana_transcript_homo_sapiens,127741434,ENSP00000367207,127740958.0,ENST00000377970,127738263.0,ENSP00000367207,439.0,Translation,homo_sapiens,core,3.0,MYC,ENSG00000136997,"MYC proto-oncogene, bHLH transcription factor [Source:HGNC Symbol;Acc:HGNC:7553]",ensembl_havana,21
UPI000BA1B231,,,H0YBT0,"[{'seq_region_name': '8', 'end': 127736623, 'assembly_name': 'GRCh38', 'id': 'ENSE00002098079', 'start': 127736220, 'species': 'homo_sapiens', 'object_type': 'Exon', 'strand': 1, 'version': 1, 'db_type': 'core'}, {'seq_region_name': '8', 'end': 127739019, 'assembly_name': 'GRCh38', 'id': 'ENSE00002116242', 'start': 127738251, 'species': 'homo_sapiens', 'object_type': 'Exon', 'strand': 1, 'version': 1, 'db_type': 'core'}, {'seq_region_name': '8', 'end': 127741372, 'start': 127740396, 'assembly_name': 'GRCh38', 'id': 'ENSE00002104585', 'strand': 1, 'object_type': 'Exon', 'species': 'homo_sapiens', 'db_type': 'core', 'version': 1}]",core,homo_sapiens,Transcript,GRCh38,ENST00000524013,8,havana,2,MYC-205,protein_coding,1,127736220,0,ENSG00000136997,havana_homo_sapiens,127741372,ENSP00000430235,127740958.0,ENST00000524013,127736594.0,ENSP00000430235,453.0,Translation,homo_sapiens,core,2.0,MYC,ENSG00000136997,"MYC proto-oncogene, bHLH transcription factor [Source:HGNC Symbol;Acc:HGNC:7553]",ensembl_havana,21
UPI0000576839,P01106,P01106-2,A0A087WUS5,"[{'db_type': 'core', 'version': 2, 'strand': 1, 'species': 'homo_sapiens', 'object_type': 'Exon', 'start': 127736231, 'assembly_name': 'GRCh38', 'id': 'ENSE00003746860', 'seq_region_name': '8', 'end': 127736623}, {'species': 'homo_sapiens', 'object_type': 'Exon', 'strand': 1, 'version': 1, 'db_type': 'core', 'end': 127739019, 'seq_region_name': '8', 'id': 'ENSE00003475084', 'assembly_name': 'GRCh38', 'start': 127738248}, {'end': 127742951, 'seq_region_name': '8', 'start': 127740396, 'id': 'ENSE00003847400', 'assembly_name': 'GRCh38', 'strand': 1, 'species': 'homo_sapiens', 'object_type': 'Exon', 'db_type': 'core', 'version': 2}]",core,homo_sapiens,Transcript,GRCh38,ENST00000621592,8,ensembl_havana,8,MYC-206,protein_coding,1,127736231,1,ENSG00000136997,ensembl_havana_transcript_homo_sapiens,127742951,ENSP00000478887,127740958.0,ENST00000621592,127736594.0,ENSP00000478887,454.0,Translation,homo_sapiens,core,2.0,MYC,ENSG00000136997,"MYC proto-oncogene, bHLH transcription factor [Source:HGNC Symbol;Acc:HGNC:7553]",ensembl_havana,21
UPI0000000C1A,P01106,P01106-1,A0A024R9L7,"[{'version': 1, 'db_type': 'core', 'species': 'homo_sapiens', 'object_type': 'Exon', 'strand': 1, 'id': 'ENSE00003845318', 'assembly_name': 'GRCh38', 'start': 127737621, 'seq_region_name': '8', 'end': 127737686}, {'strand': 1, 'species': 'homo_sapiens', 'object_type': 'Exon', 'db_type': 'core', 'version': 1, 'seq_region_name': '8', 'end': 127739019, 'start': 127738248, 'id': 'ENSE00003540079', 'assembly_name': 'GRCh38'}, {'db_type': 'core', 'version': 4, 'strand': 1, 'object_type': 'Exon', 'species': 'homo_sapiens', 'start': 127740396, 'assembly_name': 'GRCh38', 'id': 'ENSE00000926396', 'end': 127741434, 'seq_region_name': '8'}]",core,homo_sapiens,Transcript,GRCh38,ENST00000652288,8,havana,1,MYC-210,protein_coding,1,127737621,0,ENSG00000136997,havana_homo_sapiens,127741434,ENSP00000499105,127740958.0,ENST00000652288,127738263.0,ENSP00000499105,439.0,Translation,homo_sapiens,core,1.0,MYC,ENSG00000136997,"MYC proto-oncogene, bHLH transcription factor [Source:HGNC Symbol;Acc:HGNC:7553]",ensembl_havana,21
UPI00001362B7,Q9H6I2,,,"[{'seq_region_name': '8', 'end': 54458445, 'id': 'ENSE00001087025', 'assembly_name': 'GRCh38', 'start': 54457935, 'species': 'homo_sapiens', 'object_type': 'Exon', 'strand': 1, 'version': 1, 'db_type': 'core'}, {'seq_region_name': '8', 'end': 54460892, 'start': 54459058, 'id': 'ENSE00001087027', 'assembly_name': 'GRCh38', 'strand': 1, 'species': 'homo_sapiens', 'object_type': 'Exon', 'db_type': 'core', 'version': 9}]",core,homo_sapiens,Transcript,GRCh38,ENST00000297316,8,ensembl_havana,5,SOX17-201,protein_coding,1,54457935,1,ENSG00000164736,ensembl_havana_transcript_homo_sapiens,54460892,ENSP00000297316,54459995.0,ENST00000297316,54458139.0,ENSP00000297316,414.0,Translation,homo_sapiens,core,4.0,SOX17,ENSG00000164736,SRY-box transcription factor 17 [Source:HGNC Symbol;Acc:HGNC:18122],ensembl_havana,6
UPI000003F545,P48431,,A0A0U3FYV6,"[{'start': 181711925, 'id': 'ENSE00001228743', 'assembly_name': 'GRCh38', 'end': 181714436, 'seq_region_name': '3', 'db_type': 'core', 'version': 6, 'strand': 1, 'species': 'homo_sapiens', 'object_type': 'Exon'}]",core,homo_sapiens,Transcript,GRCh38,ENST00000325404,3,ensembl_havana,3,SOX2-201,protein_coding,1,181711925,1,ENSG00000181449,ensembl_havana_transcript_homo_sapiens,181714436,ENSP00000323588,181713314.0,ENST00000325404,181712361.0,ENSP00000323588,317.0,Translation,homo_sapiens,core,1.0,SOX2,ENSG00000181449,SRY-box transcription factor 2 [Source:HGNC Symbol;Acc:HGNC:11195],ensembl_havana,4
UPI0000049CDE,Q01860,Q01860-1,D2IYK3,"[{'version': 4, 'db_type': 'core', 'species': 'homo_sapiens', 'object_type': 'Exon', 'strand': -1, 'id': 'ENSE00001834753', 'assembly_name': 'GRCh38', 'start': 31170216, 'seq_region_name': '6', 'end': 31170682}, {'id': 'ENSE00003605759', 'assembly_name': 'GRCh38', 'start': 31165927, 'end': 31166047, 'seq_region_name': '6', 'version': 1, 'db_type': 'core', 'species': 'homo_sapiens', 'object_type': 'Exon', 'strand': -1}, {'seq_region_name': '6', 'end': 31165701, 'start': 31165571, 'id': 'ENSE00003631186', 'assembly_name': 'GRCh38', 'strand': -1, 'object_type': 'Exon', 'species': 'homo_sapiens', 'db_type': 'core', 'version': 1}, {'start': 31165128, 'assembly_name': 'GRCh38', 'id': 'ENSE00003697734', 'seq_region_name': '6', 'end': 31165286, 'db_type': 'core', 'version': 1, 'strand': -1, 'object_type': 'Exon', 'species': 'homo_sapiens'}, {'strand': -1, 'species': 'homo_sapiens', 'object_type': 'Exon', 'db_type': 'core', 'version': 1, 'seq_region_name': '6', 'end': 31164867, 'start': 31164337, 'assembly_name': 'GRCh38', 'id': 'ENSE00003736761'}]",core,homo_sapiens,Transcript,GRCh38,ENST00000259915,6,ensembl_havana,13,POU5F1-201,protein_coding,-1,31164337,1,ENSG00000204531,ensembl_havana_transcript_homo_sapiens,31170682,ENSP00000259915,31170620.0,ENST00000259915,31164601.0,ENSP00000259915,360.0,Translation,homo_sapiens,core,7.0,POU5F1,ENSG00000204531,POU class 5 homeobox 1 [Source:HGNC Symbol;Acc:HGNC:9221],ensembl_havana,21
UPI000006ED31,,,F2Z381,"[{'db_type': 'core', 'version': 1, 'strand': -1, 'object_type': 'Exon', 'species': 'homo_sapiens', 'start': 31180619, 'assembly_name': 'GRCh38', 'id': 'ENSE00002243764', 'end': 31180731, 'seq_region_name': '6'}, {'db_type': 'core', 'version': 1, 'strand': -1, 'object_type': 'Exon', 'species': 'homo_sapiens', 'start': 31165927, 'id': 'ENSE00003566428', 'assembly_name': 'GRCh38', 'end': 31166047, 'seq_region_name': '6'}, {'assembly_name': 'GRCh38', 'id': 'ENSE00003606772', 'start': 31165571, 'end': 31165701, 'seq_region_name': '6', 'version': 1, 'db_type': 'core', 'object_type': 'Exon', 'species': 'homo_sapiens', 'strand': -1}, {'start': 31165128, 'id': 'ENSE00003697734', 'assembly_name': 'GRCh38', 'seq_region_name': '6', 'end': 31165286, 'db_type': 'core', 'version': 1, 'strand': -1, 'species': 'homo_sapiens', 'object_type': 'Exon'}, {'seq_region_name': '6', 'end': 31164867, 'start': 31164337, 'assembly_name': 'GRCh38', 'id': 'ENSE00003736761', 'strand': -1, 'species': 'homo_sapiens', 'object_type': 'Exon', 'db_type': 'core', 'version': 1}]",core,homo_sapiens,Transcript,GRCh38,ENST00000441888,6,havana,7,POU5F1-202,protein_coding,-1,31164337,0,ENSG00000204531,havana_homo_sapiens,31180731,ENSP00000389359,31165639.0,ENST00000441888,31164601.0,ENSP00000389359,164.0,Translation,homo_sapiens,core,2.0,POU5F1,ENSG00000204531,POU class 5 homeobox 1 [Source:HGNC Symbol;Acc:HGNC:9221],ensembl_havana,21
UPI000006ED31,,,F2Z381,"[{'species': 'homo_sapiens', 'object_type': 'Exon', 'strand': -1, 'version': 1, 'db_type': 'core', 'seq_region_name': '6', 'end': 31166838, 'id': 'ENSE00002568331', 'assembly_name': 'GRCh38', 'start': 31165927}, {'object_type': 'Exon', 'species': 'homo_sapiens', 'strand': -1, 'version': 1, 'db_type': 'core', 'end': 31165701, 'seq_region_name': '6', 'assembly_name': 'GRCh38', 'id': 'ENSE00003606772', 'start': 31165571}, {'db_type': 'core', 'version': 1, 'strand': -1, 'species': 'homo_sapiens', 'object_type': 'Exon', 'start': 31165128, 'assembly_name': 'GRCh38', 'id': 'ENSE00003697734', 'seq_region_name': '6', 'end': 31165286}, {'version': 2, 'db_type': 'core', 'object_type': 'Exon', 'species': 'homo_sapiens', 'strand': -1, 'id': 'ENSE00002055331', 'assembly_name': 'GRCh38', 'start': 31164347, 'seq_region_name': '6', 'end': 31164867}]",core,homo_sapiens,Transcript,GRCh38,ENST00000471529,6,havana,6,POU5F1-204,protein_coding,-1,31164347,0,ENSG00000204531,havana_homo_sapiens,31166838,ENSP00000425083,31165639.0,ENST00000471529,31164601.0,ENSP00000425083,164.0,Translation,homo_sapiens,core,1.0,POU5F1,ENSG00000204531,POU class 5 homeobox 1 [Source:HGNC Symbol;Acc:HGNC:9221],ensembl_havana,21
UPI0001CB3C2E,,,M1S623,"[{'strand': -1, 'object_type': 'Exon', 'species': 'homo_sapiens', 'db_type': 'core', 'version': 1, 'end': 31166838, 'seq_region_name': '6', 'start': 31166534, 'assembly_name': 'GRCh38', 'id': 'ENSE00002043181'}, {'start': 31165927, 'id': 'ENSE00003702358', 'assembly_name': 'GRCh38', 'seq_region_name': '6', 'end': 31166047, 'db_type': 'core', 'version': 1, 'strand': -1, 'species': 'homo_sapiens', 'object_type': 'Exon'}, {'start': 31165571, 'id': 'ENSE00003631186', 'assembly_name': 'GRCh38', 'seq_region_name': '6', 'end': 31165701, 'db_type': 'core', 'version': 1, 'strand': -1, 'object_type': 'Exon', 'species': 'homo_sapiens'}, {'object_type': 'Exon', 'species': 'homo_sapiens', 'strand': -1, 'version': 1, 'db_type': 'core', 'seq_region_name': '6', 'end': 31165286, 'id': 'ENSE00003697734', 'assembly_name': 'GRCh38', 'start': 31165128}, {'start': 31164348, 'id': 'ENSE00003745997', 'assembly_name': 'GRCh38', 'end': 31164867, 'seq_region_name': '6', 'db_type': 'core', 'version': 1, 'strand': -1, 'species': 'homo_sapiens', 'object_type': 'Exon'}]",core,homo_sapiens,Transcript,GRCh38,ENST00000606567,6,ensembl_havana,6,POU5F1-207,protein_coding,-1,31164348,0,ENSG00000204531,ensembl_havana_transcript_homo_sapiens,31166838,ENSP00000475880,31165942.0,ENST00000606567,31164601.0,ENSP00000475880,190.0,Translation,homo_sapiens,core,2.0,POU5F1,ENSG00000204531,POU class 5 homeobox 1 [Source:HGNC Symbol;Acc:HGNC:9221],ensembl_havana,21
UPI000006ED31,,,F2Z381,"[{'version': 1, 'db_type': 'core', 'species': 'homo_sapiens', 'object_type': 'Exon', 'strand': -1, 'assembly_name': 'GRCh38', 'id': 'ENSE00002043181', 'start': 31166534, 'seq_region_name': '6', 'end': 31166838}, {'seq_region_name': '6', 'end': 31166047, 'start': 31165927, 'assembly_name': 'GRCh38', 'id': 'ENSE00003566428', 'strand': -1, 'object_type': 'Exon', 'species': 'homo_sapiens', 'db_type': 'core', 'version': 1}, {'seq_region_name': '6', 'end': 31165701, 'id': 'ENSE00003606772', 'assembly_name': 'GRCh38', 'start': 31165571, 'species': 'homo_sapiens', 'object_type': 'Exon', 'strand': -1, 'version': 1, 'db_type': 'core'}, {'start': 31165128, 'assembly_name': 'GRCh38', 'id': 'ENSE00003697734', 'seq_region_name': '6', 'end': 31165286, 'db_type': 'core', 'version': 1, 'strand': -1, 'object_type': 'Exon', 'species': 'homo_sapiens'}, {'start': 31164351, 'assembly_name': 'GRCh38', 'id': 'ENSE00003702101', 'end': 31164867, 'seq_region_name': '6', 'db_type': 'core', 'version': 1, 'strand': -1, 'species': 'homo_sapiens', 'object_type': 'Exon'}]",core,homo_sapiens,Transcript,GRCh38,ENST00000512818,6,ensembl_havana,5,POU5F1-205,protein_coding,-1,31164351,0,ENSG00000204531,ensembl_havana_transcript_homo_sapiens,31166838,ENSP00000425479,31165639.0,ENST00000512818,31164601.0,ENSP00000425479,164.0,Translation,homo_sapiens,core,1.0,POU5F1,ENSG00000204531,POU class 5 homeobox 1 [Source:HGNC Symbol;Acc:HGNC:9221],ensembl_havana,21
UPI000006ED31,,,F2Z381,"[{'strand': -1, 'species': 'homo_sapiens', 'object_type': 'Exon', 'db_type': 'core', 'version': 1, 'end': 31167170, 'seq_region_name': '6', 'start': 31165571, 'assembly_name': 'GRCh38', 'id': 'ENSE00002033137'}, {'seq_region_name': '6', 'end': 31165286, 'start': 31165128, 'assembly_name': 'GRCh38', 'id': 'ENSE00003697734', 'strand': -1, 'object_type': 'Exon', 'species': 'homo_sapiens', 'db_type': 'core', 'version': 1}, {'end': 31164867, 'seq_region_name': '6', 'start': 31164351, 'id': 'ENSE00003702101', 'assembly_name': 'GRCh38', 'strand': -1, 'object_type': 'Exon', 'species': 'homo_sapiens', 'db_type': 'core', 'version': 1}]",core,homo_sapiens,Transcript,GRCh38,ENST00000513407,6,havana,1,POU5F1-206,protein_coding,-1,31164351,0,ENSG00000204531,havana_homo_sapiens,31167170,ENSP00000475512,31165639.0,ENST00000513407,31164601.0,ENSP00000475512,164.0,Translation,homo_sapiens,core,1.0,POU5F1,ENSG00000204531,POU class 5 homeobox 1 [Source:HGNC Symbol;Acc:HGNC:9221],ensembl_havana,21
UPI000000D747,Q01860,Q01860-2,,"[{'version': 1, 'db_type': 'core', 'species': 'homo_sapiens', 'object_type': 'Exon', 'strand': -1, 'id': 'ENSE00001845564', 'assembly_name': 'GRCh38', 'start': 31158377, 'seq_region_name': 'CHR_HSCHR6_MHC_QBL_CTG1', 'end': 31158718}, {'start': 31158013, 'id': 'ENSE00003651302', 'assembly_name': 'GRCh38', 'seq_region_name': 'CHR_HSCHR6_MHC_QBL_CTG1', 'end': 31158143, 'db_type': 'core', 'version': 1, 'strand': -1, 'species': 'homo_sapiens', 'object_type': 'Exon'}, {'seq_region_name': 'CHR_HSCHR6_MHC_QBL_CTG1', 'end': 31157728, 'start': 31157570, 'id': 'ENSE00003458256', 'assembly_name': 'GRCh38', 'strand': -1, 'object_type': 'Exon', 'species': 'homo_sapiens', 'db_type': 'core', 'version': 1}, {'db_type': 'core', 'version': 1, 'strand': -1, 'species': 'homo_sapiens', 'object_type': 'Exon', 'start': 31156777, 'assembly_name': 'GRCh38', 'id': 'ENSE00003478988', 'end': 31157307, 'seq_region_name': 'CHR_HSCHR6_MHC_QBL_CTG1'}]",core,homo_sapiens,Transcript,GRCh38,ENST00000376243,CHR_HSCHR6_MHC_QBL_CTG1,havana,8,POU5F1-208,protein_coding,-1,31156777,0,ENSG00000206454,havana_homo_sapiens,31158718,ENSP00000365419,31158617.0,ENST00000376243,31157041.0,ENSP00000365419,265.0,Translation,homo_sapiens,core,4.0,POU5F1,ENSG00000206454,POU class 5 homeobox 1 [Source:HGNC Symbol;Acc:HGNC:9221],ensembl_havana,12
UPI0000049CDE,Q01860,Q01860-1,D2IYK3,"[{'end': 31163150, 'seq_region_name': 'CHR_HSCHR6_MHC_QBL_CTG1', 'start': 31162673, 'id': 'ENSE00001861575', 'assembly_name': 'GRCh38', 'strand': -1, 'species': 'homo_sapiens', 'object_type': 'Exon', 'db_type': 'core', 'version': 1}, {'end': 31158497, 'seq_region_name': 'CHR_HSCHR6_MHC_QBL_CTG1', 'assembly_name': 'GRCh38', 'id': 'ENSE00001685582', 'start': 31158377, 'object_type': 'Exon', 'species': 'homo_sapiens', 'strand': -1, 'version': 1, 'db_type': 'core'}, {'version': 1, 'db_type': 'core', 'object_type': 'Exon', 'species': 'homo_sapiens', 'strand': -1, 'assembly_name': 'GRCh38', 'id': 'ENSE00003651302', 'start': 31158013, 'end': 31158143, 'seq_region_name': 'CHR_HSCHR6_MHC_QBL_CTG1'}, {'strand': -1, 'object_type': 'Exon', 'species': 'homo_sapiens', 'db_type': 'core', 'version': 1, 'end': 31157728, 'seq_region_name': 'CHR_HSCHR6_MHC_QBL_CTG1', 'start': 31157570, 'id': 'ENSE00003458256', 'assembly_name': 'GRCh38'}, {'object_type': 'Exon', 'species': 'homo_sapiens', 'strand': -1, 'version': 1, 'db_type': 'core', 'end': 31157307, 'seq_region_name': 'CHR_HSCHR6_MHC_QBL_CTG1', 'id': 'ENSE00003478988', 'assembly_name': 'GRCh38', 'start': 31156777}]",core,homo_sapiens,Transcript,GRCh38,ENST00000383524,CHR_HSCHR6_MHC_QBL_CTG1,ensembl_havana,4,POU5F1-209,protein_coding,-1,31156777,1,ENSG00000206454,ensembl_havana_transcript_homo_sapiens,31163150,ENSP00000373016,31163077.0,ENST00000383524,31157041.0,ENSP00000373016,360.0,Translation,homo_sapiens,core,4.0,POU5F1,ENSG00000206454,POU class 5 homeobox 1 [Source:HGNC Symbol;Acc:HGNC:9221],ensembl_havana,12
UPI0001AE7180,,,A0A1W2PP83,"[{'assembly_name': 'GRCh38', 'id': 'ENSE00003810349', 'start': 31162766, 'seq_region_name': 'CHR_HSCHR6_MHC_QBL_CTG1', 'end': 31163077, 'version': 1, 'db_type': 'core', 'species': 'homo_sapiens', 'object_type': 'Exon', 'strand': -1}, {'seq_region_name': 'CHR_HSCHR6_MHC_QBL_CTG1', 'end': 31162761, 'start': 31162720, 'id': 'ENSE00003810707', 'assembly_name': 'GRCh38', 'strand': -1, 'object_type': 'Exon', 'species': 'homo_sapiens', 'db_type': 'core', 'version': 1}, {'start': 31162375, 'id': 'ENSE00003807847', 'assembly_name': 'GRCh38', 'end': 31162389, 'seq_region_name': 'CHR_HSCHR6_MHC_QBL_CTG1', 'db_type': 'core', 'version': 1, 'strand': -1, 'object_type': 'Exon', 'species': 'homo_sapiens'}]",core,homo_sapiens,Transcript,GRCh38,ENST00000640651,CHR_HSCHR6_MHC_QBL_CTG1,ensembl,1,POU5F1-212,protein_coding,-1,31162375,0,ENSG00000206454,ensembl_homo_sapiens,31163077,ENSP00000492870,31163077.0,ENST00000640651,31162375.0,ENSP00000492870,123.0,Translation,homo_sapiens,core,1.0,POU5F1,ENSG00000206454,POU class 5 homeobox 1 [Source:HGNC Symbol;Acc:HGNC:9221],ensembl_havana,12
UPI0000049CDE,Q01860,Q01860-1,D2IYK3,"[{'strand': -1, 'species': 'homo_sapiens', 'object_type': 'Exon', 'db_type': 'core', 'version': 1, 'end': 31215620, 'seq_region_name': 'CHR_HSCHR6_MHC_MANN_CTG1', 'start': 31215143, 'id': 'ENSE00001937825', 'assembly_name': 'GRCh38'}, {'strand': -1, 'object_type': 'Exon', 'species': 'homo_sapiens', 'db_type': 'core', 'version': 1, 'seq_region_name': 'CHR_HSCHR6_MHC_MANN_CTG1', 'end': 31210965, 'start': 31210845, 'assembly_name': 'GRCh38', 'id': 'ENSE00001711826'}, {'assembly_name': 'GRCh38', 'id': 'ENSE00003682681', 'start': 31210481, 'end': 31210611, 'seq_region_name': 'CHR_HSCHR6_MHC_MANN_CTG1', 'version': 1, 'db_type': 'core', 'species': 'homo_sapiens', 'object_type': 'Exon', 'strand': -1}, {'db_type': 'core', 'version': 1, 'strand': -1, 'object_type': 'Exon', 'species': 'homo_sapiens', 'start': 31210038, 'assembly_name': 'GRCh38', 'id': 'ENSE00003664555', 'end': 31210196, 'seq_region_name': 'CHR_HSCHR6_MHC_MANN_CTG1'}, {'end': 31209775, 'seq_region_name': 'CHR_HSCHR6_MHC_MANN_CTG1', 'start': 31209245, 'id': 'ENSE00003604018', 'assembly_name': 'GRCh38', 'strand': -1, 'species': 'homo_sapiens', 'object_type': 'Exon', 'db_type': 'core', 'version': 1}]",core,homo_sapiens,Transcript,GRCh38,ENST00000454714,CHR_HSCHR6_MHC_MANN_CTG1,ensembl_havana,6,POU5F1-218,protein_coding,-1,31209245,1,ENSG00000230336,ensembl_havana_transcript_homo_sapiens,31215620,ENSP00000400047,31215547.0,ENST00000454714,31209509.0,ENSP00000400047,360.0,Translation,homo_sapiens,core,2.0,POU5F1,ENSG00000230336,POU class 5 homeobox 1 [Source:HGNC Symbol;Acc:HGNC:9221],ensembl_havana,9
UPI000000D747,Q01860,Q01860-2,,"[{'id': 'ENSE00001892432', 'assembly_name': 'GRCh38', 'start': 31210845, 'seq_region_name': 'CHR_HSCHR6_MHC_MANN_CTG1', 'end': 31211186, 'version': 1, 'db_type': 'core', 'object_type': 'Exon', 'species': 'homo_sapiens', 'strand': -1}, {'object_type': 'Exon', 'species': 'homo_sapiens', 'strand': -1, 'version': 1, 'db_type': 'core', 'end': 31210611, 'seq_region_name': 'CHR_HSCHR6_MHC_MANN_CTG1', 'id': 'ENSE00003682681', 'assembly_name': 'GRCh38', 'start': 31210481}, {'assembly_name': 'GRCh38', 'id': 'ENSE00003664555', 'start': 31210038, 'seq_region_name': 'CHR_HSCHR6_MHC_MANN_CTG1', 'end': 31210196, 'version': 1, 'db_type': 'core', 'object_type': 'Exon', 'species': 'homo_sapiens', 'strand': -1}, {'strand': -1, 'species': 'homo_sapiens', 'object_type': 'Exon', 'db_type': 'core', 'version': 1, 'seq_region_name': 'CHR_HSCHR6_MHC_MANN_CTG1', 'end': 31209775, 'start': 31209245, 'assembly_name': 'GRCh38', 'id': 'ENSE00003604018'}]",core,homo_sapiens,Transcript,GRCh38,ENST00000433348,CHR_HSCHR6_MHC_MANN_CTG1,havana,2,POU5F1-217,protein_coding,-1,31209245,0,ENSG00000230336,havana_homo_sapiens,31211186,ENSP00000412665,31211085.0,ENST00000433348,31209509.0,ENSP00000412665,265.0,Translation,homo_sapiens,core,2.0,POU5F1,ENSG00000230336,POU class 5 homeobox 1 [Source:HGNC Symbol;Acc:HGNC:9221],ensembl_havana,9
UPI0000049CDE,Q01860,Q01860-1,D2IYK3,"[{'start': 31165113, 'assembly_name': 'GRCh38', 'id': 'ENSE00001852804', 'end': 31165590, 'seq_region_name': 'CHR_HSCHR6_MHC_SSTO_CTG1', 'db_type': 'core', 'version': 1, 'strand': -1, 'species': 'homo_sapiens', 'object_type': 'Exon'}, {'db_type': 'core', 'version': 1, 'strand': -1, 'object_type': 'Exon', 'species': 'homo_sapiens', 'start': 31160818, 'id': 'ENSE00001805131', 'assembly_name': 'GRCh38', 'end': 31160938, 'seq_region_name': 'CHR_HSCHR6_MHC_SSTO_CTG1'}, {'end': 31160584, 'seq_region_name': 'CHR_HSCHR6_MHC_SSTO_CTG1', 'id': 'ENSE00003490659', 'assembly_name': 'GRCh38', 'start': 31160454, 'species': 'homo_sapiens', 'object_type': 'Exon', 'strand': -1, 'version': 1, 'db_type': 'core'}, {'db_type': 'core', 'version': 1, 'strand': -1, 'species': 'homo_sapiens', 'object_type': 'Exon', 'start': 31160011, 'assembly_name': 'GRCh38', 'id': 'ENSE00003639375', 'seq_region_name': 'CHR_HSCHR6_MHC_SSTO_CTG1', 'end': 31160169}, {'start': 31159218, 'id': 'ENSE00003513363', 'assembly_name': 'GRCh38', 'end': 31159748, 'seq_region_name': 'CHR_HSCHR6_MHC_SSTO_CTG1', 'db_type': 'core', 'version': 1, 'strand': -1, 'species': 'homo_sapiens', 'object_type': 'Exon'}]",core,homo_sapiens,Transcript,GRCh38,ENST00000437747,CHR_HSCHR6_MHC_SSTO_CTG1,ensembl_havana,6,POU5F1-230,protein_coding,-1,31159218,1,ENSG00000237582,ensembl_havana_transcript_homo_sapiens,31165590,ENSP00000391681,31165517.0,ENST00000437747,31159482.0,ENSP00000391681,360.0,Translation,homo_sapiens,core,2.0,POU5F1,ENSG00000237582,POU class 5 homeobox 1 [Source:HGNC Symbol;Acc:HGNC:9221],ensembl_havana,10
UPI000000D747,Q01860,Q01860-2,,"[{'db_type': 'core', 'version': 1, 'strand': -1, 'object_type': 'Exon', 'species': 'homo_sapiens', 'start': 31160818, 'id': 'ENSE00001906486', 'assembly_name': 'GRCh38', 'seq_region_name': 'CHR_HSCHR6_MHC_SSTO_CTG1', 'end': 31161159}, {'end': 31160584, 'seq_region_name': 'CHR_HSCHR6_MHC_SSTO_CTG1', 'assembly_name': 'GRCh38', 'id': 'ENSE00003490659', 'start': 31160454, 'object_type': 'Exon', 'species': 'homo_sapiens', 'strand': -1, 'version': 1, 'db_type': 'core'}, {'version': 1, 'db_type': 'core', 'species': 'homo_sapiens', 'object_type': 'Exon', 'strand': -1, 'assembly_name': 'GRCh38', 'id': 'ENSE00003639375', 'start': 31160011, 'seq_region_name': 'CHR_HSCHR6_MHC_SSTO_CTG1', 'end': 31160169}, {'start': 31159218, 'assembly_name': 'GRCh38', 'id': 'ENSE00003513363', 'seq_region_name': 'CHR_HSCHR6_MHC_SSTO_CTG1', 'end': 31159748, 'db_type': 'core', 'version': 1, 'strand': -1, 'object_type': 'Exon', 'species': 'homo_sapiens'}]",core,homo_sapiens,Transcript,GRCh38,ENST00000429314,CHR_HSCHR6_MHC_SSTO_CTG1,havana,2,POU5F1-229,protein_coding,-1,31159218,0,ENSG00000237582,havana_homo_sapiens,31161159,ENSP00000387619,31161058.0,ENST00000429314,31159482.0,ENSP00000387619,265.0,Translation,homo_sapiens,core,2.0,POU5F1,ENSG00000237582,POU class 5 homeobox 1 [Source:HGNC Symbol;Acc:HGNC:9221],ensembl_havana,10
UPI0001AE7180,,,A0A1W2PP83,"[{'end': 31165517, 'seq_region_name': 'CHR_HSCHR6_MHC_SSTO_CTG1', 'start': 31165206, 'assembly_name': 'GRCh38', 'id': 'ENSE00003810658', 'strand': -1, 'object_type': 'Exon', 'species': 'homo_sapiens', 'db_type': 'core', 'version': 1}, {'object_type': 'Exon', 'species': 'homo_sapiens', 'strand': -1, 'version': 1, 'db_type': 'core', 'seq_region_name': 'CHR_HSCHR6_MHC_SSTO_CTG1', 'end': 31165201, 'id': 'ENSE00003802711', 'assembly_name': 'GRCh38', 'start': 31165160}, {'strand': -1, 'species': 'homo_sapiens', 'object_type': 'Exon', 'db_type': 'core', 'version': 1, 'seq_region_name': 'CHR_HSCHR6_MHC_SSTO_CTG1', 'end': 31164829, 'start': 31164815, 'id': 'ENSE00003811354', 'assembly_name': 'GRCh38'}]",core,homo_sapiens,Transcript,GRCh38,ENST00000639883,CHR_HSCHR6_MHC_SSTO_CTG1,ensembl,1,POU5F1-233,protein_coding,-1,31164815,0,ENSG00000237582,ensembl_homo_sapiens,31165517,ENSP00000492036,31165517.0,ENST00000639883,31164815.0,ENSP00000492036,123.0,Translation,homo_sapiens,core,1.0,POU5F1,ENSG00000237582,POU class 5 homeobox 1 [Source:HGNC Symbol;Acc:HGNC:9221],ensembl_havana,10
UPI000000D747,Q01860,Q01860-2,,"[{'version': 1, 'db_type': 'core', 'object_type': 'Exon', 'species': 'homo_sapiens', 'strand': -1, 'id': 'ENSE00001850793', 'assembly_name': 'GRCh38', 'start': 31159660, 'seq_region_name': 'CHR_HSCHR6_MHC_DBB_CTG1', 'end': 31160001}, {'assembly_name': 'GRCh38', 'id': 'ENSE00003580282', 'start': 31159296, 'end': 31159426, 'seq_region_name': 'CHR_HSCHR6_MHC_DBB_CTG1', 'version': 1, 'db_type': 'core', 'object_type': 'Exon', 'species': 'homo_sapiens', 'strand': -1}, {'start': 31158853, 'assembly_name': 'GRCh38', 'id': 'ENSE00003472179', 'seq_region_name': 'CHR_HSCHR6_MHC_DBB_CTG1', 'end': 31159011, 'db_type': 'core', 'version': 1, 'strand': -1, 'object_type': 'Exon', 'species': 'homo_sapiens'}, {'assembly_name': 'GRCh38', 'id': 'ENSE00003643590', 'start': 31158060, 'seq_region_name': 'CHR_HSCHR6_MHC_DBB_CTG1', 'end': 31158590, 'version': 1, 'db_type': 'core', 'species': 'homo_sapiens', 'object_type': 'Exon', 'strand': -1}]",core,homo_sapiens,Transcript,GRCh38,ENST00000412166,CHR_HSCHR6_MHC_DBB_CTG1,havana,6,POU5F1-213,protein_coding,-1,31158060,0,ENSG00000229094,havana_homo_sapiens,31160001,ENSP00000387646,31159900.0,ENST00000412166,31158324.0,ENSP00000387646,265.0,Translation,homo_sapiens,core,2.0,POU5F1,ENSG00000229094,POU class 5 homeobox 1 [Source:HGNC Symbol;Acc:HGNC:9221],ensembl_havana,9
UPI0000049CDE,Q01860,Q01860-1,D2IYK3,"[{'strand': -1, 'object_type': 'Exon', 'species': 'homo_sapiens', 'db_type': 'core', 'version': 1, 'seq_region_name': 'CHR_HSCHR6_MHC_DBB_CTG1', 'end': 31164434, 'start': 31163957, 'assembly_name': 'GRCh38', 'id': 'ENSE00001819943'}, {'object_type': 'Exon', 'species': 'homo_sapiens', 'strand': -1, 'version': 1, 'db_type': 'core', 'end': 31159780, 'seq_region_name': 'CHR_HSCHR6_MHC_DBB_CTG1', 'id': 'ENSE00001603820', 'assembly_name': 'GRCh38', 'start': 31159660}, {'start': 31159296, 'id': 'ENSE00003580282', 'assembly_name': 'GRCh38', 'end': 31159426, 'seq_region_name': 'CHR_HSCHR6_MHC_DBB_CTG1', 'db_type': 'core', 'version': 1, 'strand': -1, 'species': 'homo_sapiens', 'object_type': 'Exon'}, {'start': 31158853, 'assembly_name': 'GRCh38', 'id': 'ENSE00003472179', 'seq_region_name': 'CHR_HSCHR6_MHC_DBB_CTG1', 'end': 31159011, 'db_type': 'core', 'version': 1, 'strand': -1, 'species': 'homo_sapiens', 'object_type': 'Exon'}, {'version': 1, 'db_type': 'core', 'species': 'homo_sapiens', 'object_type': 'Exon', 'strand': -1, 'id': 'ENSE00003643590', 'assembly_name': 'GRCh38', 'start': 31158060, 'seq_region_name': 'CHR_HSCHR6_MHC_DBB_CTG1', 'end': 31158590}]",core,homo_sapiens,Transcript,GRCh38,ENST00000434616,CHR_HSCHR6_MHC_DBB_CTG1,ensembl_havana,2,POU5F1-214,protein_coding,-1,31158060,1,ENSG00000229094,ensembl_havana_transcript_homo_sapiens,31164434,ENSP00000388842,31164361.0,ENST00000434616,31158324.0,ENSP00000388842,360.0,Translation,homo_sapiens,core,2.0,POU5F1,ENSG00000229094,POU class 5 homeobox 1 [Source:HGNC Symbol;Acc:HGNC:9221],ensembl_havana,9
UPI0000049CDE,Q01860,Q01860-1,D2IYK3,"[{'end': 31249234, 'seq_region_name': 'CHR_HSCHR6_MHC_MCF_CTG1', 'id': 'ENSE00001906671', 'assembly_name': 'GRCh38', 'start': 31248757, 'species': 'homo_sapiens', 'object_type': 'Exon', 'strand': -1, 'version': 1, 'db_type': 'core'}, {'version': 1, 'db_type': 'core', 'species': 'homo_sapiens', 'object_type': 'Exon', 'strand': -1, 'assembly_name': 'GRCh38', 'id': 'ENSE00001704872', 'start': 31244459, 'end': 31244579, 'seq_region_name': 'CHR_HSCHR6_MHC_MCF_CTG1'}, {'start': 31244095, 'id': 'ENSE00003593469', 'assembly_name': 'GRCh38', 'end': 31244225, 'seq_region_name': 'CHR_HSCHR6_MHC_MCF_CTG1', 'db_type': 'core', 'version': 1, 'strand': -1, 'object_type': 'Exon', 'species': 'homo_sapiens'}, {'db_type': 'core', 'version': 1, 'strand': -1, 'species': 'homo_sapiens', 'object_type': 'Exon', 'start': 31243652, 'id': 'ENSE00003641954', 'assembly_name': 'GRCh38', 'end': 31243810, 'seq_region_name': 'CHR_HSCHR6_MHC_MCF_CTG1'}, {'db_type': 'core', 'version': 1, 'strand': -1, 'species': 'homo_sapiens', 'object_type': 'Exon', 'start': 31242859, 'assembly_name': 'GRCh38', 'id': 'ENSE00003463689', 'seq_region_name': 'CHR_HSCHR6_MHC_MCF_CTG1', 'end': 31243389}]",core,homo_sapiens,Transcript,GRCh38,ENST00000433063,CHR_HSCHR6_MHC_MCF_CTG1,ensembl_havana,6,POU5F1-226,protein_coding,-1,31242859,1,ENSG00000235068,ensembl_havana_transcript_homo_sapiens,31249234,ENSP00000405041,31249161.0,ENST00000433063,31243123.0,ENSP00000405041,360.0,Translation,homo_sapiens,core,2.0,POU5F1,ENSG00000235068,POU class 5 homeobox 1 [Source:HGNC Symbol;Acc:HGNC:9221],ensembl_havana,9
UPI000000D747,Q01860,Q01860-2,,"[{'species': 'homo_sapiens', 'object_type': 'Exon', 'strand': -1, 'version': 1, 'db_type': 'core', 'seq_region_name': 'CHR_HSCHR6_MHC_MCF_CTG1', 'end': 31244800, 'assembly_name': 'GRCh38', 'id': 'ENSE00001849261', 'start': 31244459}, {'strand': -1, 'object_type': 'Exon', 'species': 'homo_sapiens', 'db_type': 'core', 'version': 1, 'seq_region_name': 'CHR_HSCHR6_MHC_MCF_CTG1', 'end': 31244225, 'start': 31244095, 'id': 'ENSE00003593469', 'assembly_name': 'GRCh38'}, {'end': 31243810, 'seq_region_name': 'CHR_HSCHR6_MHC_MCF_CTG1', 'start': 31243652, 'id': 'ENSE00003641954', 'assembly_name': 'GRCh38', 'strand': -1, 'object_type': 'Exon', 'species': 'homo_sapiens', 'db_type': 'core', 'version': 1}, {'db_type': 'core', 'version': 1, 'strand': -1, 'species': 'homo_sapiens', 'object_type': 'Exon', 'start': 31242859, 'assembly_name': 'GRCh38', 'id': 'ENSE00003463689', 'end': 31243389, 'seq_region_name': 'CHR_HSCHR6_MHC_MCF_CTG1'}]",core,homo_sapiens,Transcript,GRCh38,ENST00000419095,CHR_HSCHR6_MHC_MCF_CTG1,havana,2,POU5F1-225,protein_coding,-1,31242859,0,ENSG00000235068,havana_homo_sapiens,31244800,ENSP00000413622,31244699.0,ENST00000419095,31243123.0,ENSP00000413622,265.0,Translation,homo_sapiens,core,2.0,POU5F1,ENSG00000235068,POU class 5 homeobox 1 [Source:HGNC Symbol;Acc:HGNC:9221],ensembl_havana,9
UPI000000D747,Q01860,Q01860-2,,"[{'start': 31158480, 'assembly_name': 'GRCh38', 'id': 'ENSE00001911893', 'seq_region_name': 'CHR_HSCHR6_MHC_COX_CTG1', 'end': 31158821, 'db_type': 'core', 'version': 1, 'strand': -1, 'species': 'homo_sapiens', 'object_type': 'Exon'}, {'strand': -1, 'object_type': 'Exon', 'species': 'homo_sapiens', 'db_type': 'core', 'version': 1, 'seq_region_name': 'CHR_HSCHR6_MHC_COX_CTG1', 'end': 31158246, 'start': 31158116, 'assembly_name': 'GRCh38', 'id': 'ENSE00003649000'}, {'seq_region_name': 'CHR_HSCHR6_MHC_COX_CTG1', 'end': 31157831, 'id': 'ENSE00003644384', 'assembly_name': 'GRCh38', 'start': 31157673, 'object_type': 'Exon', 'species': 'homo_sapiens', 'strand': -1, 'version': 1, 'db_type': 'core'}, {'end': 31157410, 'seq_region_name': 'CHR_HSCHR6_MHC_COX_CTG1', 'assembly_name': 'GRCh38', 'id': 'ENSE00003569293', 'start': 31156880, 'species': 'homo_sapiens', 'object_type': 'Exon', 'strand': -1, 'version': 1, 'db_type': 'core'}]",core,homo_sapiens,Transcript,GRCh38,ENST00000451077,CHR_HSCHR6_MHC_COX_CTG1,havana,6,POU5F1-222,protein_coding,-1,31156880,0,ENSG00000233911,havana_homo_sapiens,31158821,ENSP00000391507,31158720.0,ENST00000451077,31157144.0,ENSP00000391507,265.0,Translation,homo_sapiens,core,2.0,POU5F1,ENSG00000233911,POU class 5 homeobox 1 [Source:HGNC Symbol;Acc:HGNC:9221],ensembl_havana,9
UPI0000049CDE,Q01860,Q01860-1,D2IYK3,"[{'end': 31163254, 'seq_region_name': 'CHR_HSCHR6_MHC_COX_CTG1', 'start': 31162777, 'id': 'ENSE00001897333', 'assembly_name': 'GRCh38', 'strand': -1, 'object_type': 'Exon', 'species': 'homo_sapiens', 'db_type': 'core', 'version': 1}, {'species': 'homo_sapiens', 'object_type': 'Exon', 'strand': -1, 'version': 1, 'db_type': 'core', 'end': 31158600, 'seq_region_name': 'CHR_HSCHR6_MHC_COX_CTG1', 'id': 'ENSE00001741560', 'assembly_name': 'GRCh38', 'start': 31158480}, {'db_type': 'core', 'version': 1, 'strand': -1, 'species': 'homo_sapiens', 'object_type': 'Exon', 'start': 31158116, 'assembly_name': 'GRCh38', 'id': 'ENSE00003649000', 'seq_region_name': 'CHR_HSCHR6_MHC_COX_CTG1', 'end': 31158246}, {'id': 'ENSE00003644384', 'assembly_name': 'GRCh38', 'start': 31157673, 'end': 31157831, 'seq_region_name': 'CHR_HSCHR6_MHC_COX_CTG1', 'version': 1, 'db_type': 'core', 'object_type': 'Exon', 'species': 'homo_sapiens', 'strand': -1}, {'version': 1, 'db_type': 'core', 'object_type': 'Exon', 'species': 'homo_sapiens', 'strand': -1, 'id': 'ENSE00003569293', 'assembly_name': 'GRCh38', 'start': 31156880, 'seq_region_name': 'CHR_HSCHR6_MHC_COX_CTG1', 'end': 31157410}]",core,homo_sapiens,Transcript,GRCh38,ENST00000429603,CHR_HSCHR6_MHC_COX_CTG1,ensembl_havana,2,POU5F1-221,protein_coding,-1,31156880,1,ENSG00000233911,ensembl_havana_transcript_homo_sapiens,31163254,ENSP00000392877,31163181.0,ENST00000429603,31157144.0,ENSP00000392877,360.0,Translation,homo_sapiens,core,2.0,POU5F1,ENSG00000233911,POU class 5 homeobox 1 [Source:HGNC Symbol;Acc:HGNC:9221],ensembl_havana,9
UPI0001F7861A,,,E9PKC6,"[{'end': 35139370, 'seq_region_name': '11', 'start': 35138882, 'id': 'ENSE00002155684', 'assembly_name': 'GRCh38', 'strand': 1, 'object_type': 'Exon', 'species': 'homo_sapiens', 'db_type': 'core', 'version': 1}, {'version': 2, 'db_type': 'core', 'species': 'homo_sapiens', 'object_type': 'Exon', 'strand': 1, 'assembly_name': 'GRCh38', 'id': 'ENSE00002179732', 'start': 35176575, 'seq_region_name': '11', 'end': 35177110}]",core,homo_sapiens,Transcript,GRCh38,ENST00000526025,11,havana,2,CD44-222,protein_coding,1,35138882,0,ENSG00000026508,havana_homo_sapiens,35177110,ENSP00000435377,35176744.0,ENST00000526025,35139304.0,ENSP00000435377,78.0,Translation,homo_sapiens,core,1.0,CD44,ENSG00000026508,CD44 molecule (Indian blood group) [Source:HGNC Symbol;Acc:HGNC:1681],ensembl_havana,21
UPI000037848C,P16070,P16070-4,,"[{'end': 35139370, 'seq_region_name': '11', 'id': 'ENSE00002197258', 'assembly_name': 'GRCh38', 'start': 35139170, 'object_type': 'Exon', 'species': 'homo_sapiens', 'strand': 1, 'version': 1, 'db_type': 'core'}, {'strand': 1, 'species': 'homo_sapiens', 'object_type': 'Exon', 'db_type': 'core', 'version': 1, 'end': 35176740, 'seq_region_name': '11', 'start': 35176575, 'id': 'ENSE00003561898', 'assembly_name': 'GRCh38'}, {'end': 35180407, 'seq_region_name': '11', 'start': 35180274, 'id': 'ENSE00003658180', 'assembly_name': 'GRCh38', 'strand': 1, 'object_type': 'Exon', 'species': 'homo_sapiens', 'db_type': 'core', 'version': 1}, {'id': 'ENSE00003504402', 'assembly_name': 'GRCh38', 'start': 35186832, 'end': 35186900, 'seq_region_name': '11', 'version': 1, 'db_type': 'core', 'species': 'homo_sapiens', 'object_type': 'Exon', 'strand': 1}, {'version': 1, 'db_type': 'core', 'species': 'homo_sapiens', 'object_type': 'Exon', 'strand': 1, 'id': 'ENSE00003639932', 'assembly_name': 'GRCh38', 'start': 35189835, 'seq_region_name': '11', 'end': 35190065}, {'strand': 1, 'species': 'homo_sapiens', 'object_type': 'Exon', 'db_type': 'core', 'version': 1, 'end': 35198246, 'seq_region_name': '11', 'start': 35198121, 'assembly_name': 'GRCh38', 'id': 'ENSE00003678600'}, {'version': 1, 'db_type': 'core', 'species': 'homo_sapiens', 'object_type': 'Exon', 'strand': 1, 'assembly_name': 'GRCh38', 'id': 'ENSE00003692209', 'start': 35201082, 'end': 35201195, 'seq_region_name': '11'}, {'strand': 1, 'object_type': 'Exon', 'species': 'homo_sapiens', 'db_type': 'core', 'version': 1, 'seq_region_name': '11', 'end': 35201787, 'start': 35201671, 'id': 'ENSE00000824450', 'assembly_name': 'GRCh38'}, {'id': 'ENSE00003469853', 'assembly_name': 'GRCh38', 'start': 35204512, 'end': 35204640, 'seq_region_name': '11', 'version': 1, 'db_type': 'core', 'species': 'homo_sapiens', 'object_type': 'Exon', 'strand': 1}, {'species': 'homo_sapiens', 'object_type': 'Exon', 'strand': 1, 'version': 1, 'db_type': 'core', 'seq_region_name': '11', 'end': 35206243, 'assembly_name': 'GRCh38', 'id': 'ENSE00000710490', 'start': 35206112}, {'strand': 1, 'object_type': 'Exon', 'species': 'homo_sapiens', 'db_type': 'core', 'version': 1, 'seq_region_name': '11', 'end': 35208206, 'start': 35208105, 'id': 'ENSE00003790928', 'assembly_name': 'GRCh38'}, {'seq_region_name': '11', 'end': 35210054, 'start': 35209965, 'assembly_name': 'GRCh38', 'id': 'ENSE00000710485', 'strand': 1, 'object_type': 'Exon', 'species': 'homo_sapiens', 'db_type': 'core', 'version': 1}, {'version': 1, 'db_type': 'core', 'species': 'homo_sapiens', 'object_type': 'Exon', 'strand': 1, 'assembly_name': 'GRCh38', 'id': 'ENSE00003608645', 'start': 35211246, 'seq_region_name': '11', 'end': 35211449}, {'id': 'ENSE00003526469', 'assembly_name': 'GRCh38', 'start': 35214852, 'seq_region_name': '11', 'end': 35214914, 'version': 1, 'db_type': 'core', 'species': 'homo_sapiens', 'object_type': 'Exon', 'strand': 1}, {'strand': 1, 'object_type': 'Exon', 'species': 'homo_sapiens', 'db_type': 'core', 'version': 1, 'seq_region_name': '11', 'end': 35219387, 'start': 35219316, 'assembly_name': 'GRCh38', 'id': 'ENSE00003632343'}, {'strand': 1, 'object_type': 'Exon', 'species': 'homo_sapiens', 'db_type': 'core', 'version': 1, 'end': 35221732, 'seq_region_name': '11', 'start': 35221654, 'assembly_name': 'GRCh38', 'id': 'ENSE00003534676'}, {'seq_region_name': '11', 'end': 35229468, 'assembly_name': 'GRCh38', 'id': 'ENSE00002147430', 'start': 35229129, 'species': 'homo_sapiens', 'object_type': 'Exon', 'strand': 1, 'version': 1, 'db_type': 'core'}]",core,homo_sapiens,Transcript,GRCh38,ENST00000415148,11,ensembl_havana,6,CD44-206,protein_coding,1,35139170,0,ENSG00000026508,ensembl_havana_transcript_homo_sapiens,35229468,ENSP00000389830,35229333.0,ENST00000415148,35139304.0,ENSP00000389830,699.0,Translation,homo_sapiens,core,2.0,CD44,ENSG00000026508,CD44 molecule (Indian blood group) [Source:HGNC Symbol;Acc:HGNC:1681],ensembl_havana,21
UPI000013DBCF,P16070,P16070-12,,"[{'object_type': 'Exon', 'species': 'homo_sapiens', 'strand': 1, 'version': 1, 'db_type': 'core', 'end': 35139370, 'seq_region_name': '11', 'assembly_name': 'GRCh38', 'id': 'ENSE00003896435', 'start': 35139171}, {'seq_region_name': '11', 'end': 35176740, 'start': 35176575, 'assembly_name': 'GRCh38', 'id': 'ENSE00003561898', 'strand': 1, 'species': 'homo_sapiens', 'object_type': 'Exon', 'db_type': 'core', 'version': 1}, {'strand': 1, 'object_type': 'Exon', 'species': 'homo_sapiens', 'db_type': 'core', 'version': 1, 'end': 35180407, 'seq_region_name': '11', 'start': 35180274, 'id': 'ENSE00003658180', 'assembly_name': 'GRCh38'}, {'strand': 1, 'object_type': 'Exon', 'species': 'homo_sapiens', 'db_type': 'core', 'version': 1, 'end': 35186900, 'seq_region_name': '11', 'start': 35186832, 'assembly_name': 'GRCh38', 'id': 'ENSE00003504402'}, {'species': 'homo_sapiens', 'object_type': 'Exon', 'strand': 1, 'version': 1, 'db_type': 'core', 'seq_region_name': '11', 'end': 35190065, 'id': 'ENSE00003639932', 'assembly_name': 'GRCh38', 'start': 35189835}, {'start': 35214852, 'id': 'ENSE00003526469', 'assembly_name': 'GRCh38', 'end': 35214914, 'seq_region_name': '11', 'db_type': 'core', 'version': 1, 'strand': 1, 'species': 'homo_sapiens', 'object_type': 'Exon'}, {'species': 'homo_sapiens', 'object_type': 'Exon', 'strand': 1, 'version': 1, 'db_type': 'core', 'seq_region_name': '11', 'end': 35219387, 'id': 'ENSE00003632343', 'assembly_name': 'GRCh38', 'start': 35219316}, {'seq_region_name': '11', 'end': 35221732, 'id': 'ENSE00003534676', 'assembly_name': 'GRCh38', 'start': 35221654, 'species': 'homo_sapiens', 'object_type': 'Exon', 'strand': 1, 'version': 1, 'db_type': 'core'}, {'version': 2, 'db_type': 'core', 'object_type': 'Exon', 'species': 'homo_sapiens', 'strand': 1, 'assembly_name': 'GRCh38', 'id': 'ENSE00001709592', 'start': 35229129, 'seq_region_name': '11', 'end': 35232402}]",core,homo_sapiens,Transcript,GRCh38,ENST00000263398,11,ensembl_havana,11,CD44-201,protein_coding,1,35139171,0,ENSG00000026508,ensembl_havana_transcript_homo_sapiens,35232402,ENSP00000263398,35229333.0,ENST00000263398,35139304.0,ENSP00000263398,361.0,Translation,homo_sapiens,core,6.0,CD44,ENSG00000026508,CD44 molecule (Indian blood group) [Source:HGNC Symbol;Acc:HGNC:1681],ensembl_havana,21
UPI000013D3FE,P16070,P16070-1,,"[{'end': 35139370, 'seq_region_name': '11', 'assembly_name': 'GRCh38', 'id': 'ENSE00003896435', 'start': 35139171, 'species': 'homo_sapiens', 'object_type': 'Exon', 'strand': 1, 'version': 1, 'db_type': 'core'}, {'species': 'homo_sapiens', 'object_type': 'Exon', 'strand': 1, 'version': 1, 'db_type': 'core', 'end': 35176740, 'seq_region_name': '11', 'id': 'ENSE00003561898', 'assembly_name': 'GRCh38', 'start': 35176575}, {'seq_region_name': '11', 'end': 35180407, 'id': 'ENSE00003658180', 'assembly_name': 'GRCh38', 'start': 35180274, 'object_type': 'Exon', 'species': 'homo_sapiens', 'strand': 1, 'version': 1, 'db_type': 'core'}, {'species': 'homo_sapiens', 'object_type': 'Exon', 'strand': 1, 'version': 1, 'db_type': 'core', 'seq_region_name': '11', 'end': 35186900, 'id': 'ENSE00003504402', 'assembly_name': 'GRCh38', 'start': 35186832}, {'id': 'ENSE00003639932', 'assembly_name': 'GRCh38', 'start': 35189835, 'end': 35190065, 'seq_region_name': '11', 'version': 1, 'db_type': 'core', 'object_type': 'Exon', 'species': 'homo_sapiens', 'strand': 1}, {'db_type': 'core', 'version': 1, 'strand': 1, 'object_type': 'Exon', 'species': 'homo_sapiens', 'start': 35196746, 'id': 'ENSE00000710505', 'assembly_name': 'GRCh38', 'seq_region_name': '11', 'end': 35196874}, {'start': 35198121, 'assembly_name': 'GRCh38', 'id': 'ENSE00003678600', 'seq_region_name': '11', 'end': 35198246, 'db_type': 'core', 'version': 1, 'strand': 1, 'species': 'homo_sapiens', 'object_type': 'Exon'}, {'id': 'ENSE00003692209', 'assembly_name': 'GRCh38', 'start': 35201082, 'end': 35201195, 'seq_region_name': '11', 'version': 1, 'db_type': 'core', 'species': 'homo_sapiens', 'object_type': 'Exon', 'strand': 1}, {'assembly_name': 'GRCh38', 'id': 'ENSE00000824450', 'start': 35201671, 'seq_region_name': '11', 'end': 35201787, 'version': 1, 'db_type': 'core', 'object_type': 'Exon', 'species': 'homo_sapiens', 'strand': 1}, {'assembly_name': 'GRCh38', 'id': 'ENSE00003469853', 'start': 35204512, 'end': 35204640, 'seq_region_name': '11', 'version': 1, 'db_type': 'core', 'object_type': 'Exon', 'species': 'homo_sapiens', 'strand': 1}, {'end': 35206243, 'seq_region_name': '11', 'start': 35206112, 'assembly_name': 'GRCh38', 'id': 'ENSE00000710490', 'strand': 1, 'object_type': 'Exon', 'species': 'homo_sapiens', 'db_type': 'core', 'version': 1}, {'start': 35208105, 'id': 'ENSE00003790928', 'assembly_name': 'GRCh38', 'seq_region_name': '11', 'end': 35208206, 'db_type': 'core', 'version': 1, 'strand': 1, 'species': 'homo_sapiens', 'object_type': 'Exon'}, {'start': 35209965, 'id': 'ENSE00000710485', 'assembly_name': 'GRCh38', 'end': 35210054, 'seq_region_name': '11', 'db_type': 'core', 'version': 1, 'strand': 1, 'species': 'homo_sapiens', 'object_type': 'Exon'}, {'db_type': 'core', 'version': 1, 'strand': 1, 'species': 'homo_sapiens', 'object_type': 'Exon', 'start': 35211246, 'assembly_name': 'GRCh38', 'id': 'ENSE00003608645', 'seq_region_name': '11', 'end': 35211449}, {'version': 1, 'db_type': 'core', 'object_type': 'Exon', 'species': 'homo_sapiens', 'strand': 1, 'assembly_name': 'GRCh38', 'id': 'ENSE00003526469', 'start': 35214852, 'seq_region_name': '11', 'end': 35214914}, {'object_type': 'Exon', 'species': 'homo_sapiens', 'strand': 1, 'version': 1, 'db_type': 'core', 'seq_region_name': '11', 'end': 35219387, 'assembly_name': 'GRCh38', 'id': 'ENSE00003632343', 'start': 35219316}, {'seq_region_name': '11', 'end': 35221732, 'assembly_name': 'GRCh38', 'id': 'ENSE00003534676', 'start': 35221654, 'species': 'homo_sapiens', 'object_type': 'Exon', 'strand': 1, 'version': 1, 'db_type': 'core'}, {'seq_region_name': '11', 'end': 35232402, 'start': 35229129, 'assembly_name': 'GRCh38', 'id': 'ENSE00001709592', 'strand': 1, 'object_type': 'Exon', 'species': 'homo_sapiens', 'db_type': 'core', 'version': 2}]",core,homo_sapiens,Transcript,GRCh38,ENST00000428726,11,ensembl_havana,8,CD44-208,protein_coding,1,35139171,1,ENSG00000026508,ensembl_havana_transcript_homo_sapiens,35232402,ENSP00000398632,35229333.0,ENST00000428726,35139304.0,ENSP00000398632,742.0,Translation,homo_sapiens,core,2.0,CD44,ENSG00000026508,CD44 molecule (Indian blood group) [Source:HGNC Symbol;Acc:HGNC:1681],ensembl_havana,21
UPI000040510F,,,H0YD13,"[{'version': 1, 'db_type': 'core', 'object_type': 'Exon', 'species': 'homo_sapiens', 'strand': 1, 'assembly_name': 'GRCh38', 'id': 'ENSE00002162131', 'start': 35139182, 'seq_region_name': '11', 'end': 35139370}, {'end': 35176740, 'seq_region_name': '11', 'id': 'ENSE00003561898', 'assembly_name': 'GRCh38', 'start': 35176575, 'object_type': 'Exon', 'species': 'homo_sapiens', 'strand': 1, 'version': 1, 'db_type': 'core'}, {'object_type': 'Exon', 'species': 'homo_sapiens', 'strand': 1, 'version': 1, 'db_type': 'core', 'end': 35180329, 'seq_region_name': '11', 'assembly_name': 'GRCh38', 'id': 'ENSE00002193843', 'start': 35180274}, {'end': 35219387, 'seq_region_name': '11', 'start': 35219340, 'id': 'ENSE00002147699', 'assembly_name': 'GRCh38', 'strand': 1, 'species': 'homo_sapiens', 'object_type': 'Exon', 'db_type': 'core', 'version': 1}, {'id': 'ENSE00003534676', 'assembly_name': 'GRCh38', 'start': 35221654, 'seq_region_name': '11', 'end': 35221732, 'version': 1, 'db_type': 'core', 'object_type': 'Exon', 'species': 'homo_sapiens', 'strand': 1}, {'strand': 1, 'species': 'homo_sapiens', 'object_type': 'Exon', 'db_type': 'core', 'version': 1, 'seq_region_name': '11', 'end': 35229460, 'start': 35229129, 'id': 'ENSE00002160064', 'assembly_name': 'GRCh38'}]",core,homo_sapiens,Transcript,GRCh38,ENST00000526669,11,havana,6,CD44-224,protein_coding,1,35139182,0,ENSG00000026508,havana_homo_sapiens,35229460,ENSP00000432704,35229333.0,ENST00000526669,35139304.0,ENSP00000432704,206.0,Translation,homo_sapiens,core,2.0,CD44,ENSG00000026508,CD44 molecule (Indian blood group) [Source:HGNC Symbol;Acc:HGNC:1681],ensembl_havana,21
UPI000037848D,P16070,P16070-10,,"[{'db_type': 'core', 'version': 1, 'strand': 1, 'species': 'homo_sapiens', 'object_type': 'Exon', 'start': 35139188, 'id': 'ENSE00002147556', 'assembly_name': 'GRCh38', 'end': 35139370, 'seq_region_name': '11'}, {'strand': 1, 'object_type': 'Exon', 'species': 'homo_sapiens', 'db_type': 'core', 'version': 1, 'end': 35176740, 'seq_region_name': '11', 'start': 35176575, 'assembly_name': 'GRCh38', 'id': 'ENSE00003561898'}, {'strand': 1, 'object_type': 'Exon', 'species': 'homo_sapiens', 'db_type': 'core', 'version': 1, 'end': 35180407, 'seq_region_name': '11', 'start': 35180274, 'assembly_name': 'GRCh38', 'id': 'ENSE00003658180'}, {'db_type': 'core', 'version': 1, 'strand': 1, 'object_type': 'Exon', 'species': 'homo_sapiens', 'start': 35186832, 'assembly_name': 'GRCh38', 'id': 'ENSE00003504402', 'end': 35186900, 'seq_region_name': '11'}, {'end': 35190065, 'seq_region_name': '11', 'start': 35189835, 'id': 'ENSE00003639932', 'assembly_name': 'GRCh38', 'strand': 1, 'species': 'homo_sapiens', 'object_type': 'Exon', 'db_type': 'core', 'version': 1}, {'assembly_name': 'GRCh38', 'id': 'ENSE00003790928', 'start': 35208105, 'end': 35208206, 'seq_region_name': '11', 'version': 1, 'db_type': 'core', 'object_type': 'Exon', 'species': 'homo_sapiens', 'strand': 1}, {'seq_region_name': '11', 'end': 35210054, 'start': 35209965, 'assembly_name': 'GRCh38', 'id': 'ENSE00000710485', 'strand': 1, 'object_type': 'Exon', 'species': 'homo_sapiens', 'db_type': 'core', 'version': 1}, {'species': 'homo_sapiens', 'object_type': 'Exon', 'strand': 1, 'version': 1, 'db_type': 'core', 'end': 35211449, 'seq_region_name': '11', 'assembly_name': 'GRCh38', 'id': 'ENSE00003608645', 'start': 35211246}, {'version': 1, 'db_type': 'core', 'object_type': 'Exon', 'species': 'homo_sapiens', 'strand': 1, 'id': 'ENSE00003526469', 'assembly_name': 'GRCh38', 'start': 35214852, 'end': 35214914, 'seq_region_name': '11'}, {'id': 'ENSE00003632343', 'assembly_name': 'GRCh38', 'start': 35219316, 'seq_region_name': '11', 'end': 35219387, 'version': 1, 'db_type': 'core', 'object_type': 'Exon', 'species': 'homo_sapiens', 'strand': 1}, {'species': 'homo_sapiens', 'object_type': 'Exon', 'strand': 1, 'version': 1, 'db_type': 'core', 'end': 35221732, 'seq_region_name': '11', 'assembly_name': 'GRCh38', 'id': 'ENSE00003534676', 'start': 35221654}, {'db_type': 'core', 'version': 1, 'strand': 1, 'object_type': 'Exon', 'species': 'homo_sapiens', 'start': 35229129, 'assembly_name': 'GRCh38', 'id': 'ENSE00003605502', 'end': 35230027, 'seq_region_name': '11'}]",core,homo_sapiens,Transcript,GRCh38,ENST00000433892,11,ensembl_havana,6,CD44-209,protein_coding,1,35139188,0,ENSG00000026508,ensembl_havana_transcript_homo_sapiens,35230027,ENSP00000392331,35229333.0,ENST00000433892,35139304.0,ENSP00000392331,493.0,Translation,homo_sapiens,core,2.0,CD44,ENSG00000026508,CD44 molecule (Indian blood group) [Source:HGNC Symbol;Acc:HGNC:1681],ensembl_havana,21
UPI000D1964F1,,,H0YCV9,"[{'start': 35139262, 'id': 'ENSE00002188577', 'assembly_name': 'GRCh38', 'end': 35139370, 'seq_region_name': '11', 'db_type': 'core', 'version': 2, 'strand': 1, 'species': 'homo_sapiens', 'object_type': 'Exon'}, {'object_type': 'Exon', 'species': 'homo_sapiens', 'strand': 1, 'version': 1, 'db_type': 'core', 'seq_region_name': '11', 'end': 35176740, 'id': 'ENSE00003561898', 'assembly_name': 'GRCh38', 'start': 35176575}, {'db_type': 'core', 'version': 1, 'strand': 1, 'object_type': 'Exon', 'species': 'homo_sapiens', 'start': 35180274, 'assembly_name': 'GRCh38', 'id': 'ENSE00003658180', 'end': 35180407, 'seq_region_name': '11'}, {'object_type': 'Exon', 'species': 'homo_sapiens', 'strand': 1, 'version': 1, 'db_type': 'core', 'end': 35186900, 'seq_region_name': '11', 'id': 'ENSE00003504402', 'assembly_name': 'GRCh38', 'start': 35186832}, {'version': 1, 'db_type': 'core', 'object_type': 'Exon', 'species': 'homo_sapiens', 'strand': 1, 'assembly_name': 'GRCh38', 'id': 'ENSE00003639932', 'start': 35189835, 'seq_region_name': '11', 'end': 35190065}, {'strand': 1, 'object_type': 'Exon', 'species': 'homo_sapiens', 'db_type': 'core', 'version': 1, 'seq_region_name': '11', 'end': 35206243, 'start': 35206112, 'assembly_name': 'GRCh38', 'id': 'ENSE00000710490'}, {'object_type': 'Exon', 'species': 'homo_sapiens', 'strand': 1, 'version': 1, 'db_type': 'core', 'seq_region_name': '11', 'end': 35208137, 'assembly_name': 'GRCh38', 'id': 'ENSE00003822403', 'start': 35208105}]",core,homo_sapiens,Transcript,GRCh38,ENST00000525211,11,havana,6,CD44-214,protein_coding,1,35139262,0,ENSG00000026508,havana_homo_sapiens,35208137,ENSP00000432405,35208137.0,ENST00000525211,35139304.0,ENSP00000432405,277.0,Translation,homo_sapiens,core,2.0,CD44,ENSG00000026508,CD44 molecule (Indian blood group) [Source:HGNC Symbol;Acc:HGNC:1681],ensembl_havana,21
UPI0000070484,P16070,P16070-19,,"[{'start': 35139286, 'id': 'ENSE00002194510', 'assembly_name': 'GRCh38', 'seq_region_name': '11', 'end': 35139370, 'db_type': 'core', 'version': 1, 'strand': 1, 'object_type': 'Exon', 'species': 'homo_sapiens'}, {'db_type': 'core', 'version': 1, 'strand': 1, 'object_type': 'Exon', 'species': 'homo_sapiens', 'start': 35176575, 'id': 'ENSE00003561898', 'assembly_name': 'GRCh38', 'end': 35176740, 'seq_region_name': '11'}, {'version': 2, 'db_type': 'core', 'object_type': 'Exon', 'species': 'homo_sapiens', 'strand': 1, 'assembly_name': 'GRCh38', 'id': 'ENSE00000993276', 'start': 35221705, 'seq_region_name': '11', 'end': 35221732}, {'end': 35229333, 'seq_region_name': '11', 'id': 'ENSE00003475981', 'assembly_name': 'GRCh38', 'start': 35229129, 'species': 'homo_sapiens', 'object_type': 'Exon', 'strand': 1, 'version': 1, 'db_type': 'core'}]",core,homo_sapiens,Transcript,GRCh38,ENST00000278386,11,ensembl_havana,10,CD44-203,protein_coding,1,35139286,0,ENSG00000026508,ensembl_havana_transcript_homo_sapiens,35229333,ENSP00000278386,35229287.0,ENST00000278386,35139304.0,ENSP00000278386,139.0,Translation,homo_sapiens,core,6.0,CD44,ENSG00000026508,CD44 molecule (Indian blood group) [Source:HGNC Symbol;Acc:HGNC:1681],ensembl_havana,21
UPI00001F9FD3,P16070,P16070-11,,"[{'species': 'homo_sapiens', 'object_type': 'Exon', 'strand': 1, 'version': 1, 'db_type': 'core', 'seq_region_name': '11', 'end': 35139370, 'id': 'ENSE00002194683', 'assembly_name': 'GRCh38', 'start': 35139293}, {'seq_region_name': '11', 'end': 35176740, 'id': 'ENSE00003561898', 'assembly_name': 'GRCh38', 'start': 35176575, 'species': 'homo_sapiens', 'object_type': 'Exon', 'strand': 1, 'version': 1, 'db_type': 'core'}, {'end': 35180407, 'seq_region_name': '11', 'id': 'ENSE00003658180', 'assembly_name': 'GRCh38', 'start': 35180274, 'object_type': 'Exon', 'species': 'homo_sapiens', 'strand': 1, 'version': 1, 'db_type': 'core'}, {'object_type': 'Exon', 'species': 'homo_sapiens', 'strand': 1, 'version': 1, 'db_type': 'core', 'end': 35186900, 'seq_region_name': '11', 'id': 'ENSE00003504402', 'assembly_name': 'GRCh38', 'start': 35186832}, {'object_type': 'Exon', 'species': 'homo_sapiens', 'strand': 1, 'version': 1, 'db_type': 'core', 'end': 35190065, 'seq_region_name': '11', 'id': 'ENSE00003639932', 'assembly_name': 'GRCh38', 'start': 35189835}, {'assembly_name': 'GRCh38', 'id': 'ENSE00003608645', 'start': 35211246, 'end': 35211449, 'seq_region_name': '11', 'version': 1, 'db_type': 'core', 'species': 'homo_sapiens', 'object_type': 'Exon', 'strand': 1}, {'version': 1, 'db_type': 'core', 'species': 'homo_sapiens', 'object_type': 'Exon', 'strand': 1, 'assembly_name': 'GRCh38', 'id': 'ENSE00003526469', 'start': 35214852, 'end': 35214914, 'seq_region_name': '11'}, {'assembly_name': 'GRCh38', 'id': 'ENSE00003632343', 'start': 35219316, 'end': 35219387, 'seq_region_name': '11', 'version': 1, 'db_type': 'core', 'object_type': 'Exon', 'species': 'homo_sapiens', 'strand': 1}, {'version': 1, 'db_type': 'core', 'species': 'homo_sapiens', 'object_type': 'Exon', 'strand': 1, 'assembly_name': 'GRCh38', 'id': 'ENSE00003534676', 'start': 35221654, 'end': 35221732, 'seq_region_name': '11'}, {'version': 1, 'db_type': 'core', 'species': 'homo_sapiens', 'object_type': 'Exon', 'strand': 1, 'assembly_name': 'GRCh38', 'id': 'ENSE00002158669', 'start': 35229129, 'end': 35229666, 'seq_region_name': '11'}]",core,homo_sapiens,Transcript,GRCh38,ENST00000434472,11,ensembl_havana,6,CD44-210,protein_coding,1,35139293,0,ENSG00000026508,ensembl_havana_transcript_homo_sapiens,35229666,ENSP00000404447,35229333.0,ENST00000434472,35139304.0,ENSP00000404447,429.0,Translation,homo_sapiens,core,2.0,CD44,ENSG00000026508,CD44 molecule (Indian blood group) [Source:HGNC Symbol;Acc:HGNC:1681],ensembl_havana,21
UPI0001820D4E,P16070,P16070-18,,"[{'start': 35139304, 'id': 'ENSE00002177526', 'assembly_name': 'GRCh38', 'seq_region_name': '11', 'end': 35139370, 'db_type': 'core', 'version': 1, 'strand': 1, 'species': 'homo_sapiens', 'object_type': 'Exon'}, {'strand': 1, 'species': 'homo_sapiens', 'object_type': 'Exon', 'db_type': 'core', 'version': 1, 'seq_region_name': '11', 'end': 35176740, 'start': 35176575, 'id': 'ENSE00003561898', 'assembly_name': 'GRCh38'}, {'species': 'homo_sapiens', 'object_type': 'Exon', 'strand': 1, 'version': 1, 'db_type': 'core', 'seq_region_name': '11', 'end': 35180407, 'id': 'ENSE00003658180', 'assembly_name': 'GRCh38', 'start': 35180274}, {'strand': 1, 'species': 'homo_sapiens', 'object_type': 'Exon', 'db_type': 'core', 'version': 1, 'seq_region_name': '11', 'end': 35186900, 'start': 35186832, 'id': 'ENSE00003504402', 'assembly_name': 'GRCh38'}, {'version': 1, 'db_type': 'core', 'species': 'homo_sapiens', 'object_type': 'Exon', 'strand': 1, 'id': 'ENSE00003639932', 'assembly_name': 'GRCh38', 'start': 35189835, 'seq_region_name': '11', 'end': 35190065}, {'seq_region_name': '11', 'end': 35219387, 'start': 35219316, 'assembly_name': 'GRCh38', 'id': 'ENSE00003632343', 'strand': 1, 'object_type': 'Exon', 'species': 'homo_sapiens', 'db_type': 'core', 'version': 1}, {'assembly_name': 'GRCh38', 'id': 'ENSE00003534676', 'start': 35221654, 'seq_region_name': '11', 'end': 35221732, 'version': 1, 'db_type': 'core', 'object_type': 'Exon', 'species': 'homo_sapiens', 'strand': 1}, {'version': 1, 'db_type': 'core', 'species': 'homo_sapiens', 'object_type': 'Exon', 'strand': 1, 'id': 'ENSE00003604394', 'assembly_name': 'GRCh38', 'start': 35229129, 'end': 35229333, 'seq_region_name': '11'}]",core,homo_sapiens,Transcript,GRCh38,ENST00000352818,11,ensembl_havana,8,CD44-205,protein_coding,1,35139304,0,ENSG00000026508,ensembl_havana_transcript_homo_sapiens,35229333,ENSP00000309732,35229333.0,ENST00000352818,35139304.0,ENSP00000309732,340.0,Translation,homo_sapiens,core,6.0,CD44,ENSG00000026508,CD44 molecule (Indian blood group) [Source:HGNC Symbol;Acc:HGNC:1681],ensembl_havana,21
UPI0001F7861B,,,H0Y5E4,"[{'db_type': 'core', 'version': 1, 'strand': 1, 'species': 'homo_sapiens', 'object_type': 'Exon', 'start': 35139306, 'id': 'ENSE00002198941', 'assembly_name': 'GRCh38', 'seq_region_name': '11', 'end': 35139370}, {'strand': 1, 'object_type': 'Exon', 'species': 'homo_sapiens', 'db_type': 'core', 'version': 1, 'seq_region_name': '11', 'end': 35176740, 'start': 35176575, 'id': 'ENSE00003561898', 'assembly_name': 'GRCh38'}, {'assembly_name': 'GRCh38', 'id': 'ENSE00003658180', 'start': 35180274, 'seq_region_name': '11', 'end': 35180407, 'version': 1, 'db_type': 'core', 'species': 'homo_sapiens', 'object_type': 'Exon', 'strand': 1}, {'end': 35186900, 'seq_region_name': '11', 'id': 'ENSE00003504402', 'assembly_name': 'GRCh38', 'start': 35186832, 'object_type': 'Exon', 'species': 'homo_sapiens', 'strand': 1, 'version': 1, 'db_type': 'core'}, {'seq_region_name': '11', 'end': 35190065, 'start': 35189835, 'id': 'ENSE00003639932', 'assembly_name': 'GRCh38', 'strand': 1, 'object_type': 'Exon', 'species': 'homo_sapiens', 'db_type': 'core', 'version': 1}, {'start': 35214852, 'id': 'ENSE00003526469', 'assembly_name': 'GRCh38', 'end': 35214914, 'seq_region_name': '11', 'db_type': 'core', 'version': 1, 'strand': 1, 'object_type': 'Exon', 'species': 'homo_sapiens'}, {'species': 'homo_sapiens', 'object_type': 'Exon', 'strand': 1, 'version': 1, 'db_type': 'core', 'end': 35219387, 'seq_region_name': '11', 'id': 'ENSE00003632343', 'assembly_name': 'GRCh38', 'start': 35219316}, {'db_type': 'core', 'version': 1, 'strand': 1, 'species': 'homo_sapiens', 'object_type': 'Exon', 'start': 35221654, 'id': 'ENSE00003534676', 'assembly_name': 'GRCh38', 'end': 35221732, 'seq_region_name': '11'}, {'object_type': 'Exon', 'species': 'homo_sapiens', 'strand': 1, 'version': 1, 'db_type': 'core', 'seq_region_name': '11', 'end': 35223320, 'id': 'ENSE00001598274', 'assembly_name': 'GRCh38', 'start': 35222375}]",core,homo_sapiens,Transcript,GRCh38,ENST00000442151,11,ensembl_havana,6,CD44-211,protein_coding,1,35139306,0,ENSG00000026508,ensembl_havana_transcript_homo_sapiens,35223320,ENSP00000398099,35222378.0,ENST00000442151,35139306.0,ENSP00000398099,294.0,Translation,homo_sapiens,core,2.0,CD44,ENSG00000026508,CD44 molecule (Indian blood group) [Source:HGNC Symbol;Acc:HGNC:1681],ensembl_havana,21
UPI000D190C1E,,,H0YDW7,"[{'start': 35176575, 'assembly_name': 'GRCh38', 'id': 'ENSE00003561898', 'seq_region_name': '11', 'end': 35176740, 'db_type': 'core', 'version': 1, 'strand': 1, 'species': 'homo_sapiens', 'object_type': 'Exon'}, {'end': 35180407, 'seq_region_name': '11', 'start': 35180274, 'id': 'ENSE00003658180', 'assembly_name': 'GRCh38', 'strand': 1, 'object_type': 'Exon', 'species': 'homo_sapiens', 'db_type': 'core', 'version': 1}, {'species': 'homo_sapiens', 'object_type': 'Exon', 'strand': 1, 'version': 1, 'db_type': 'core', 'end': 35186900, 'seq_region_name': '11', 'id': 'ENSE00003504402', 'assembly_name': 'GRCh38', 'start': 35186832}, {'strand': 1, 'object_type': 'Exon', 'species': 'homo_sapiens', 'db_type': 'core', 'version': 1, 'end': 35189972, 'seq_region_name': '11', 'start': 35189835, 'id': 'ENSE00001647548', 'assembly_name': 'GRCh38'}, {'end': 35211449, 'seq_region_name': '11', 'start': 35211246, 'assembly_name': 'GRCh38', 'id': 'ENSE00003608645', 'strand': 1, 'species': 'homo_sapiens', 'object_type': 'Exon', 'db_type': 'core', 'version': 1}, {'strand': 1, 'object_type': 'Exon', 'species': 'homo_sapiens', 'db_type': 'core', 'version': 1, 'seq_region_name': '11', 'end': 35214861, 'start': 35214852, 'id': 'ENSE00002178504', 'assembly_name': 'GRCh38'}]",core,homo_sapiens,Transcript,GRCh38,ENST00000526000,11,havana,6,CD44-221,protein_coding,1,35176575,0,ENSG00000026508,havana_homo_sapiens,35214861,ENSP00000434465,35214861.0,ENST00000526000,35176575.0,ENSP00000434465,240.0,Translation,homo_sapiens,core,2.0,CD44,ENSG00000026508,CD44 molecule (Indian blood group) [Source:HGNC Symbol;Acc:HGNC:1681],ensembl_havana,21
UPI0001F7861F,,,H0Y2P0,"[{'seq_region_name': '11', 'end': 35176740, 'start': 35176628, 'assembly_name': 'GRCh38', 'id': 'ENSE00002153584', 'strand': 1, 'object_type': 'Exon', 'species': 'homo_sapiens', 'db_type': 'core', 'version': 1}, {'strand': 1, 'object_type': 'Exon', 'species': 'homo_sapiens', 'db_type': 'core', 'version': 1, 'end': 35180407, 'seq_region_name': '11', 'start': 35180274, 'id': 'ENSE00003658180', 'assembly_name': 'GRCh38'}, {'version': 1, 'db_type': 'core', 'object_type': 'Exon', 'species': 'homo_sapiens', 'strand': 1, 'id': 'ENSE00003504402', 'assembly_name': 'GRCh38', 'start': 35186832, 'end': 35186900, 'seq_region_name': '11'}, {'end': 35189972, 'seq_region_name': '11', 'start': 35189835, 'id': 'ENSE00001647548', 'assembly_name': 'GRCh38', 'strand': 1, 'object_type': 'Exon', 'species': 'homo_sapiens', 'db_type': 'core', 'version': 1}, {'assembly_name': 'GRCh38', 'id': 'ENSE00003526469', 'start': 35214852, 'end': 35214914, 'seq_region_name': '11', 'version': 1, 'db_type': 'core', 'species': 'homo_sapiens', 'object_type': 'Exon', 'strand': 1}, {'start': 35219316, 'assembly_name': 'GRCh38', 'id': 'ENSE00003632343', 'end': 35219387, 'seq_region_name': '11', 'db_type': 'core', 'version': 1, 'strand': 1, 'species': 'homo_sapiens', 'object_type': 'Exon'}, {'start': 35221654, 'id': 'ENSE00003534676', 'assembly_name': 'GRCh38', 'seq_region_name': '11', 'end': 35221732, 'db_type': 'core', 'version': 1, 'strand': 1, 'species': 'homo_sapiens', 'object_type': 'Exon'}, {'end': 35229322, 'seq_region_name': '11', 'assembly_name': 'GRCh38', 'id': 'ENSE00002168101', 'start': 35229129, 'object_type': 'Exon', 'species': 'homo_sapiens', 'strand': 1, 'version': 1, 'db_type': 'core'}]",core,homo_sapiens,Transcript,GRCh38,ENST00000279452,11,havana,10,CD44-204,protein_coding,1,35176628,0,ENSG00000026508,havana_homo_sapiens,35229322,ENSP00000279452,35229322.0,ENST00000279452,35176628.0,ENSP00000279452,287.0,Translation,homo_sapiens,core,6.0,CD44,ENSG00000026508,CD44 molecule (Indian blood group) [Source:HGNC Symbol;Acc:HGNC:1681],ensembl_havana,21
UPI000D197734,,,H0YDX6,"[{'version': 1, 'db_type': 'core', 'species': 'homo_sapiens', 'object_type': 'Exon', 'strand': 1, 'assembly_name': 'GRCh38', 'id': 'ENSE00002141013', 'start': 35176641, 'seq_region_name': '11', 'end': 35176740}, {'seq_region_name': '11', 'end': 35180407, 'start': 35180274, 'id': 'ENSE00003658180', 'assembly_name': 'GRCh38', 'strand': 1, 'object_type': 'Exon', 'species': 'homo_sapiens', 'db_type': 'core', 'version': 1}, {'start': 35186832, 'assembly_name': 'GRCh38', 'id': 'ENSE00003504402', 'end': 35186900, 'seq_region_name': '11', 'db_type': 'core', 'version': 1, 'strand': 1, 'object_type': 'Exon', 'species': 'homo_sapiens'}, {'version': 1, 'db_type': 'core', 'species': 'homo_sapiens', 'object_type': 'Exon', 'strand': 1, 'id': 'ENSE00001647548', 'assembly_name': 'GRCh38', 'start': 35189835, 'end': 35189972, 'seq_region_name': '11'}, {'strand': 1, 'object_type': 'Exon', 'species': 'homo_sapiens', 'db_type': 'core', 'version': 1, 'end': 35208206, 'seq_region_name': '11', 'start': 35208105, 'assembly_name': 'GRCh38', 'id': 'ENSE00003790928'}, {'db_type': 'core', 'version': 1, 'strand': 1, 'object_type': 'Exon', 'species': 'homo_sapiens', 'start': 35209965, 'id': 'ENSE00003828676', 'assembly_name': 'GRCh38', 'seq_region_name': '11', 'end': 35209969}]",core,homo_sapiens,Transcript,GRCh38,ENST00000527889,11,havana,6,CD44-226,protein_coding,1,35176641,0,ENSG00000026508,havana_homo_sapiens,35209969,ENSP00000434530,35209969.0,ENST00000527889,35176641.0,ENSP00000434530,183.0,Translation,homo_sapiens,core,2.0,CD44,ENSG00000026508,CD44 molecule (Indian blood group) [Source:HGNC Symbol;Acc:HGNC:1681],ensembl_havana,21
UPI0003F482D7,,,H0YD17,"[{'end': 35176740, 'seq_region_name': '11', 'start': 35176699, 'id': 'ENSE00002197227', 'assembly_name': 'GRCh38', 'strand': 1, 'object_type': 'Exon', 'species': 'homo_sapiens', 'db_type': 'core', 'version': 1}, {'assembly_name': 'GRCh38', 'id': 'ENSE00003658180', 'start': 35180274, 'seq_region_name': '11', 'end': 35180407, 'version': 1, 'db_type': 'core', 'object_type': 'Exon', 'species': 'homo_sapiens', 'strand': 1}, {'version': 1, 'db_type': 'core', 'species': 'homo_sapiens', 'object_type': 'Exon', 'strand': 1, 'id': 'ENSE00003504402', 'assembly_name': 'GRCh38', 'start': 35186832, 'seq_region_name': '11', 'end': 35186900}, {'start': 35189835, 'assembly_name': 'GRCh38', 'id': 'ENSE00003639932', 'end': 35190065, 'seq_region_name': '11', 'db_type': 'core', 'version': 1, 'strand': 1, 'species': 'homo_sapiens', 'object_type': 'Exon'}, {'start': 35201082, 'assembly_name': 'GRCh38', 'id': 'ENSE00003692209', 'seq_region_name': '11', 'end': 35201195, 'db_type': 'core', 'version': 1, 'strand': 1, 'object_type': 'Exon', 'species': 'homo_sapiens'}, {'end': 35201767, 'seq_region_name': '11', 'start': 35201671, 'id': 'ENSE00002164519', 'assembly_name': 'GRCh38', 'strand': 1, 'species': 'homo_sapiens', 'object_type': 'Exon', 'db_type': 'core', 'version': 1}]",core,homo_sapiens,Transcript,GRCh38,ENST00000528455,11,havana,5,CD44-228,protein_coding,1,35176699,0,ENSG00000026508,havana_homo_sapiens,35201767,ENSP00000432718,35201767.0,ENST00000528455,35176699.0,ENSP00000432718,229.0,Translation,homo_sapiens,core,1.0,CD44,ENSG00000026508,CD44 molecule (Indian blood group) [Source:HGNC Symbol;Acc:HGNC:1681],ensembl_havana,21
UPI0001F78622,,,H0YD90,"[{'db_type': 'core', 'version': 1, 'strand': 1, 'object_type': 'Exon', 'species': 'homo_sapiens', 'start': 35180279, 'assembly_name': 'GRCh38', 'id': 'ENSE00002142692', 'seq_region_name': '11', 'end': 35180407}, {'end': 35186900, 'seq_region_name': '11', 'start': 35186832, 'assembly_name': 'GRCh38', 'id': 'ENSE00003504402', 'strand': 1, 'object_type': 'Exon', 'species': 'homo_sapiens', 'db_type': 'core', 'version': 1}, {'start': 35189835, 'assembly_name': 'GRCh38', 'id': 'ENSE00003639932', 'seq_region_name': '11', 'end': 35190065, 'db_type': 'core', 'version': 1, 'strand': 1, 'species': 'homo_sapiens', 'object_type': 'Exon'}, {'seq_region_name': '11', 'end': 35210054, 'assembly_name': 'GRCh38', 'id': 'ENSE00000710485', 'start': 35209965, 'object_type': 'Exon', 'species': 'homo_sapiens', 'strand': 1, 'version': 1, 'db_type': 'core'}, {'start': 35211246, 'assembly_name': 'GRCh38', 'id': 'ENSE00002199174', 'seq_region_name': '11', 'end': 35211310, 'db_type': 'core', 'version': 1, 'strand': 1, 'object_type': 'Exon', 'species': 'homo_sapiens'}]",core,homo_sapiens,Transcript,GRCh38,ENST00000531873,11,havana,5,CD44-234,protein_coding,1,35180279,0,ENSG00000026508,havana_homo_sapiens,35211310,ENSP00000433189,35211310.0,ENST00000531873,35180279.0,ENSP00000433189,195.0,Translation,homo_sapiens,core,1.0,CD44,ENSG00000026508,CD44 molecule (Indian blood group) [Source:HGNC Symbol;Acc:HGNC:1681],ensembl_havana,21
UPI000D18D81D,,,H0YEU1,"[{'species': 'homo_sapiens', 'object_type': 'Exon', 'strand': 1, 'version': 1, 'db_type': 'core', 'seq_region_name': '11', 'end': 35186900, 'assembly_name': 'GRCh38', 'id': 'ENSE00002195645', 'start': 35186843}, {'seq_region_name': '11', 'end': 35190065, 'assembly_name': 'GRCh38', 'id': 'ENSE00003639932', 'start': 35189835, 'species': 'homo_sapiens', 'object_type': 'Exon', 'strand': 1, 'version': 1, 'db_type': 'core'}, {'strand': 1, 'object_type': 'Exon', 'species': 'homo_sapiens', 'db_type': 'core', 'version': 1, 'seq_region_name': '11', 'end': 35204640, 'start': 35204512, 'assembly_name': 'GRCh38', 'id': 'ENSE00003469853'}, {'strand': 1, 'object_type': 'Exon', 'species': 'homo_sapiens', 'db_type': 'core', 'version': 1, 'seq_region_name': '11', 'end': 35206243, 'start': 35206112, 'assembly_name': 'GRCh38', 'id': 'ENSE00000710490'}, {'db_type': 'core', 'version': 1, 'strand': 1, 'object_type': 'Exon', 'species': 'homo_sapiens', 'start': 35208105, 'id': 'ENSE00003790928', 'assembly_name': 'GRCh38', 'seq_region_name': '11', 'end': 35208206}, {'strand': 1, 'object_type': 'Exon', 'species': 'homo_sapiens', 'db_type': 'core', 'version': 1, 'end': 35210054, 'seq_region_name': '11', 'start': 35209965, 'id': 'ENSE00000710485', 'assembly_name': 'GRCh38'}, {'version': 1, 'db_type': 'core', 'object_type': 'Exon', 'species': 'homo_sapiens', 'strand': 1, 'assembly_name': 'GRCh38', 'id': 'ENSE00003823878', 'start': 35211246, 'end': 35211309, 'seq_region_name': '11'}]",core,homo_sapiens,Transcript,GRCh38,ENST00000531110,11,havana,6,CD44-231,protein_coding,1,35186843,0,ENSG00000026508,havana_homo_sapiens,35211309,ENSP00000436549,35211309.0,ENST00000531110,35186843.0,ENSP00000436549,268.0,Translation,homo_sapiens,core,2.0,CD44,ENSG00000026508,CD44 molecule (Indian blood group) [Source:HGNC Symbol;Acc:HGNC:1681],ensembl_havana,21
UPI000D18C55C,,,H0YEV3,"[{'db_type': 'core', 'version': 1, 'strand': 1, 'species': 'homo_sapiens', 'object_type': 'Exon', 'start': 35186862, 'id': 'ENSE00002153314', 'assembly_name': 'GRCh38', 'seq_region_name': '11', 'end': 35186900}, {'start': 35189835, 'id': 'ENSE00003639932', 'assembly_name': 'GRCh38', 'end': 35190065, 'seq_region_name': '11', 'db_type': 'core', 'version': 1, 'strand': 1, 'object_type': 'Exon', 'species': 'homo_sapiens'}, {'end': 35196874, 'seq_region_name': '11', 'assembly_name': 'GRCh38', 'id': 'ENSE00000710505', 'start': 35196746, 'object_type': 'Exon', 'species': 'homo_sapiens', 'strand': 1, 'version': 1, 'db_type': 'core'}, {'species': 'homo_sapiens', 'object_type': 'Exon', 'strand': 1, 'version': 1, 'db_type': 'core', 'seq_region_name': '11', 'end': 35198246, 'assembly_name': 'GRCh38', 'id': 'ENSE00003678600', 'start': 35198121}, {'strand': 1, 'species': 'homo_sapiens', 'object_type': 'Exon', 'db_type': 'core', 'version': 1, 'end': 35208206, 'seq_region_name': '11', 'start': 35208105, 'id': 'ENSE00003790928', 'assembly_name': 'GRCh38'}, {'db_type': 'core', 'version': 1, 'strand': 1, 'object_type': 'Exon', 'species': 'homo_sapiens', 'start': 35209965, 'assembly_name': 'GRCh38', 'id': 'ENSE00000710485', 'seq_region_name': '11', 'end': 35210054}, {'db_type': 'core', 'version': 1, 'strand': 1, 'object_type': 'Exon', 'species': 'homo_sapiens', 'start': 35211246, 'id': 'ENSE00003817903', 'assembly_name': 'GRCh38', 'end': 35211257, 'seq_region_name': '11'}]",core,homo_sapiens,Transcript,GRCh38,ENST00000525685,11,havana,6,CD44-219,protein_coding,1,35186862,0,ENSG00000026508,havana_homo_sapiens,35211257,ENSP00000436623,35211257.0,ENST00000525685,35186862.0,ENSP00000436623,243.0,Translation,homo_sapiens,core,2.0,CD44,ENSG00000026508,CD44 molecule (Indian blood group) [Source:HGNC Symbol;Acc:HGNC:1681],ensembl_havana,21
UPI0003F47DAD,,,H0YF08,"[{'version': 1, 'db_type': 'core', 'species': 'homo_sapiens', 'object_type': 'Exon', 'strand': 1, 'id': 'ENSE00002184001', 'assembly_name': 'GRCh38', 'start': 35189882, 'seq_region_name': '11', 'end': 35190065}, {'strand': 1, 'species': 'homo_sapiens', 'object_type': 'Exon', 'db_type': 'core', 'version': 1, 'seq_region_name': '11', 'end': 35198246, 'start': 35198121, 'assembly_name': 'GRCh38', 'id': 'ENSE00003678600'}, {'strand': 1, 'object_type': 'Exon', 'species': 'homo_sapiens', 'db_type': 'core', 'version': 1, 'seq_region_name': '11', 'end': 35214914, 'start': 35214852, 'id': 'ENSE00003526469', 'assembly_name': 'GRCh38'}, {'version': 1, 'db_type': 'core', 'object_type': 'Exon', 'species': 'homo_sapiens', 'strand': 1, 'assembly_name': 'GRCh38', 'id': 'ENSE00003632343', 'start': 35219316, 'end': 35219387, 'seq_region_name': '11'}, {'db_type': 'core', 'version': 1, 'strand': 1, 'species': 'homo_sapiens', 'object_type': 'Exon', 'start': 35221654, 'assembly_name': 'GRCh38', 'id': 'ENSE00003534676', 'seq_region_name': '11', 'end': 35221732}, {'db_type': 'core', 'version': 1, 'strand': 1, 'species': 'homo_sapiens', 'object_type': 'Exon', 'start': 35229129, 'id': 'ENSE00002177195', 'assembly_name': 'GRCh38', 'seq_region_name': '11', 'end': 35229164}]",core,homo_sapiens,Transcript,GRCh38,ENST00000525688,11,havana,5,CD44-220,protein_coding,1,35189882,0,ENSG00000026508,havana_homo_sapiens,35229164,ENSP00000436980,35229164.0,ENST00000525688,35189882.0,ENSP00000436980,186.0,Translation,homo_sapiens,core,1.0,CD44,ENSG00000026508,CD44 molecule (Indian blood group) [Source:HGNC Symbol;Acc:HGNC:1681],ensembl_havana,21
UPI0001F78626,,,J3KN83,"[{'version': 1, 'db_type': 'core', 'species': 'homo_sapiens', 'object_type': 'Exon', 'strand': 1, 'id': 'ENSE00002152444', 'assembly_name': 'GRCh38', 'start': 35189891, 'end': 35190065, 'seq_region_name': '11'}, {'version': 1, 'db_type': 'core', 'object_type': 'Exon', 'species': 'homo_sapiens', 'strand': 1, 'assembly_name': 'GRCh38', 'id': 'ENSE00003790928', 'start': 35208105, 'seq_region_name': '11', 'end': 35208206}, {'db_type': 'core', 'version': 1, 'strand': 1, 'object_type': 'Exon', 'species': 'homo_sapiens', 'start': 35209965, 'id': 'ENSE00000710485', 'assembly_name': 'GRCh38', 'seq_region_name': '11', 'end': 35210054}, {'seq_region_name': '11', 'end': 35214914, 'start': 35214852, 'assembly_name': 'GRCh38', 'id': 'ENSE00003526469', 'strand': 1, 'species': 'homo_sapiens', 'object_type': 'Exon', 'db_type': 'core', 'version': 1}, {'seq_region_name': '11', 'end': 35219387, 'assembly_name': 'GRCh38', 'id': 'ENSE00003632343', 'start': 35219316, 'species': 'homo_sapiens', 'object_type': 'Exon', 'strand': 1, 'version': 1, 'db_type': 'core'}, {'object_type': 'Exon', 'species': 'homo_sapiens', 'strand': 1, 'version': 1, 'db_type': 'core', 'end': 35221732, 'seq_region_name': '11', 'id': 'ENSE00003534676', 'assembly_name': 'GRCh38', 'start': 35221654}, {'version': 1, 'db_type': 'core', 'species': 'homo_sapiens', 'object_type': 'Exon', 'strand': 1, 'id': 'ENSE00002195580', 'assembly_name': 'GRCh38', 'start': 35229129, 'seq_region_name': '11', 'end': 35229244}]",core,homo_sapiens,Transcript,GRCh38,ENST00000278385,11,havana,10,CD44-202,protein_coding,1,35189891,0,ENSG00000026508,havana_homo_sapiens,35229244,ENSP00000278385,35229244.0,ENST00000278385,35189891.0,ENSP00000278385,232.0,Translation,homo_sapiens,core,6.0,CD44,ENSG00000026508,CD44 molecule (Indian blood group) [Source:HGNC Symbol;Acc:HGNC:1681],ensembl_havana,21
UPI0001F78627,,,H0YEA1,"[{'id': 'ENSE00002194976', 'assembly_name': 'GRCh38', 'start': 35189900, 'end': 35190065, 'seq_region_name': '11', 'version': 1, 'db_type': 'core', 'object_type': 'Exon', 'species': 'homo_sapiens', 'strand': 1}, {'seq_region_name': '11', 'end': 35198246, 'assembly_name': 'GRCh38', 'id': 'ENSE00003678600', 'start': 35198121, 'object_type': 'Exon', 'species': 'homo_sapiens', 'strand': 1, 'version': 1, 'db_type': 'core'}, {'db_type': 'core', 'version': 1, 'strand': 1, 'object_type': 'Exon', 'species': 'homo_sapiens', 'start': 35208105, 'id': 'ENSE00003790928', 'assembly_name': 'GRCh38', 'end': 35208206, 'seq_region_name': '11'}, {'start': 35209965, 'assembly_name': 'GRCh38', 'id': 'ENSE00000710485', 'seq_region_name': '11', 'end': 35210054, 'db_type': 'core', 'version': 1, 'strand': 1, 'object_type': 'Exon', 'species': 'homo_sapiens'}, {'species': 'homo_sapiens', 'object_type': 'Exon', 'strand': 1, 'version': 1, 'db_type': 'core', 'seq_region_name': '11', 'end': 35211342, 'assembly_name': 'GRCh38', 'id': 'ENSE00002195540', 'start': 35211246}]",core,homo_sapiens,Transcript,GRCh38,ENST00000533222,11,havana,5,CD44-236,protein_coding,1,35189900,0,ENSG00000026508,havana_homo_sapiens,35211342,ENSP00000435321,35211342.0,ENST00000533222,35189900.0,ENSP00000435321,193.0,Translation,homo_sapiens,core,1.0,CD44,ENSG00000026508,CD44 molecule (Indian blood group) [Source:HGNC Symbol;Acc:HGNC:1681],ensembl_havana,21
UPI0001F78628,,,H0YES0,"[{'end': 35190065, 'seq_region_name': '11', 'start': 35190010, 'assembly_name': 'GRCh38', 'id': 'ENSE00002164148', 'strand': 1, 'species': 'homo_sapiens', 'object_type': 'Exon', 'db_type': 'core', 'version': 1}, {'version': 1, 'db_type': 'core', 'object_type': 'Exon', 'species': 'homo_sapiens', 'strand': 1, 'assembly_name': 'GRCh38', 'id': 'ENSE00002151908', 'start': 35198148, 'seq_region_name': '11', 'end': 35198246}, {'end': 35201195, 'seq_region_name': '11', 'start': 35201082, 'assembly_name': 'GRCh38', 'id': 'ENSE00003692209', 'strand': 1, 'species': 'homo_sapiens', 'object_type': 'Exon', 'db_type': 'core', 'version': 1}, {'id': 'ENSE00002159834', 'assembly_name': 'GRCh38', 'start': 35201671, 'seq_region_name': '11', 'end': 35201753, 'version': 1, 'db_type': 'core', 'species': 'homo_sapiens', 'object_type': 'Exon', 'strand': 1}]",core,homo_sapiens,Transcript,GRCh38,ENST00000524922,11,havana,1,CD44-212,protein_coding,1,35190010,0,ENSG00000026508,havana_homo_sapiens,35201753,ENSP00000436451,35201753.0,ENST00000524922,35190010.0,ENSP00000436451,118.0,Translation,homo_sapiens,core,1.0,CD44,ENSG00000026508,CD44 molecule (Indian blood group) [Source:HGNC Symbol;Acc:HGNC:1681],ensembl_havana,21
UPI000D18CD8D,,,H0YDV8,"[{'start': 35201083, 'id': 'ENSE00002149457', 'assembly_name': 'GRCh38', 'end': 35201195, 'seq_region_name': '11', 'db_type': 'core', 'version': 1, 'strand': 1, 'object_type': 'Exon', 'species': 'homo_sapiens'}, {'strand': 1, 'species': 'homo_sapiens', 'object_type': 'Exon', 'db_type': 'core', 'version': 1, 'seq_region_name': '11', 'end': 35204640, 'start': 35204512, 'id': 'ENSE00003469853', 'assembly_name': 'GRCh38'}, {'id': 'ENSE00002160255', 'assembly_name': 'GRCh38', 'start': 35206115, 'end': 35206243, 'seq_region_name': '11', 'version': 1, 'db_type': 'core', 'object_type': 'Exon', 'species': 'homo_sapiens', 'strand': 1}, {'id': 'ENSE00003790928', 'assembly_name': 'GRCh38', 'start': 35208105, 'seq_region_name': '11', 'end': 35208206, 'version': 1, 'db_type': 'core', 'species': 'homo_sapiens', 'object_type': 'Exon', 'strand': 1}, {'species': 'homo_sapiens', 'object_type': 'Exon', 'strand': 1, 'version': 1, 'db_type': 'core', 'end': 35210054, 'seq_region_name': '11', 'assembly_name': 'GRCh38', 'id': 'ENSE00000710485', 'start': 35209965}, {'start': 35211246, 'id': 'ENSE00003828127', 'assembly_name': 'GRCh38', 'seq_region_name': '11', 'end': 35211253, 'db_type': 'core', 'version': 1, 'strand': 1, 'species': 'homo_sapiens', 'object_type': 'Exon'}]",core,homo_sapiens,Transcript,GRCh38,ENST00000526553,11,havana,6,CD44-223,protein_coding,1,35201083,0,ENSG00000026508,havana_homo_sapiens,35211253,ENSP00000434418,35211253.0,ENST00000526553,35201083.0,ENSP00000434418,191.0,Translation,homo_sapiens,core,2.0,CD44,ENSG00000026508,CD44 molecule (Indian blood group) [Source:HGNC Symbol;Acc:HGNC:1681],ensembl_havana,21
UPI0001F7862C,,,H0YCL4,"[{'object_type': 'Exon', 'species': 'homo_sapiens', 'strand': 1, 'version': 1, 'db_type': 'core', 'seq_region_name': '11', 'end': 35201787, 'assembly_name': 'GRCh38', 'id': 'ENSE00002162882', 'start': 35201679}, {'end': 35204640, 'seq_region_name': '11', 'assembly_name': 'GRCh38', 'id': 'ENSE00003469853', 'start': 35204512, 'object_type': 'Exon', 'species': 'homo_sapiens', 'strand': 1, 'version': 1, 'db_type': 'core'}, {'seq_region_name': '11', 'end': 35208206, 'start': 35208105, 'id': 'ENSE00003790928', 'assembly_name': 'GRCh38', 'strand': 1, 'object_type': 'Exon', 'species': 'homo_sapiens', 'db_type': 'core', 'version': 1}, {'version': 1, 'db_type': 'core', 'object_type': 'Exon', 'species': 'homo_sapiens', 'strand': 1, 'id': 'ENSE00000710485', 'assembly_name': 'GRCh38', 'start': 35209965, 'seq_region_name': '11', 'end': 35210054}, {'end': 35211401, 'seq_region_name': '11', 'id': 'ENSE00002153043', 'assembly_name': 'GRCh38', 'start': 35211246, 'object_type': 'Exon', 'species': 'homo_sapiens', 'strand': 1, 'version': 1, 'db_type': 'core'}]",core,homo_sapiens,Transcript,GRCh38,ENST00000528672,11,havana,1,CD44-229,protein_coding,1,35201679,0,ENSG00000026508,havana_homo_sapiens,35211401,ENSP00000431860,35211401.0,ENST00000528672,35201679.0,ENSP00000431860,195.0,Translation,homo_sapiens,core,1.0,CD44,ENSG00000026508,CD44 molecule (Indian blood group) [Source:HGNC Symbol;Acc:HGNC:1681],ensembl_havana,21
UPI0001F7862D,,,H0YE40,"[{'seq_region_name': '11', 'end': 35219387, 'id': 'ENSE00002190979', 'assembly_name': 'GRCh38', 'start': 35219344, 'species': 'homo_sapiens', 'object_type': 'Exon', 'strand': 1, 'version': 1, 'db_type': 'core'}, {'species': 'homo_sapiens', 'object_type': 'Exon', 'strand': 1, 'version': 1, 'db_type': 'core', 'seq_region_name': '11', 'end': 35229789, 'id': 'ENSE00002167362', 'assembly_name': 'GRCh38', 'start': 35229129}]",core,homo_sapiens,Transcript,GRCh38,ENST00000525469,11,havana,1,CD44-218,protein_coding,1,35219344,0,ENSG00000026508,havana_homo_sapiens,35229789,ENSP00000434920,35229333.0,ENST00000525469,35219344.0,ENSP00000434920,82.0,Translation,homo_sapiens,core,1.0,CD44,ENSG00000026508,CD44 molecule (Indian blood group) [Source:HGNC Symbol;Acc:HGNC:1681],ensembl_havana,21
